ISO-10303-21;
HEADER;
FILE_DESCRIPTION(('FreeCAD Model'),'2;1');
FILE_NAME('Open CASCADE Shape Model','2026-09-05T20:18:07',('FreeCAD'),(
    'FreeCAD'),'Open CASCADE STEP processor 7.8','FreeCAD','Unknown');
FILE_SCHEMA(('AUTOMOTIVE_DESIGN { 1 0 10303 214 1 1 1 1 }'));
ENDSEC;
DATA;
#1 = APPLICATION_PROTOCOL_DEFINITION('international standard',
  'automotive_design',2000,#2);
#2 = APPLICATION_CONTEXT(
  'core data for automotive mechanical design processes');
#3 = SHAPE_DEFINITION_REPRESENTATION(#4,#10);
#4 = PRODUCT_DEFINITION_SHAPE('','',#5);
#5 = PRODUCT_DEFINITION('design','',#6,#9);
#6 = PRODUCT_DEFINITION_FORMATION('','',#7);
#7 = PRODUCT('Open CASCADE STEP translator 7.8 2',
  'Open CASCADE STEP translator 7.8 2','',(#8));
#8 = PRODUCT_CONTEXT('',#2,'mechanical');
#9 = PRODUCT_DEFINITION_CONTEXT('part definition',#2,'design');
#10 = ADVANCED_BREP_SHAPE_REPRESENTATION('',(#11,#15),#3465);
#11 = AXIS2_PLACEMENT_3D('',#12,#13,#14);
#12 = CARTESIAN_POINT('',(0.,0.,0.));
#13 = DIRECTION('',(0.,0.,1.));
#14 = DIRECTION('',(1.,0.,-0.));
#15 = MANIFOLD_SOLID_BREP('',#16);
#16 = CLOSED_SHELL('',(#17,#62,#104,#249,#274,#372,#703,#745,#769,#802,
    #842,#867,#901,#935,#963,#985,#1019,#1028,#1139,#1164,#1284,#1309,
    #1413,#1438,#1470,#1517,#1564,#1588,#1613,#1637,#1670,#1710,#1734,
    #1759,#1783,#1818,#1835,#1852,#1894,#1918,#1943,#1967,#2000,#2040,
    #2064,#2089,#2113,#2153,#2178,#2202,#2227,#2251,#2276,#2293,#2310,
    #2322,#2339,#2351,#2401,#2426,#2476,#2500,#2524,#2541,#2623,#2647,
    #2671,#2688,#2712,#2736,#2753,#2765,#2847,#2871,#2895,#2912,#2936,
    #2960,#2977,#3001,#3025,#3042,#3062,#3089,#3113,#3142,#3159,#3187,
    #3204,#3216,#3241,#3261,#3273,#3297,#3326,#3343,#3355,#3364,#3376,
    #3388,#3400,#3412,#3424,#3436,#3448));
#17 = ADVANCED_FACE('',(#18,#46),#57,.F.);
#18 = FACE_BOUND('',#19,.F.);
#19 = EDGE_LOOP('',(#20,#31,#40));
#20 = ORIENTED_EDGE('',*,*,#21,.T.);
#21 = EDGE_CURVE('',#22,#24,#26,.T.);
#22 = VERTEX_POINT('',#23);
#23 = CARTESIAN_POINT('',(3.121539030917,28.5,8.6));
#24 = VERTEX_POINT('',#25);
#25 = CARTESIAN_POINT('',(7.6,27.3,8.6));
#26 = CIRCLE('',#27,2.4);
#27 = AXIS2_PLACEMENT_3D('',#28,#29,#30);
#28 = CARTESIAN_POINT('',(5.2,27.3,8.6));
#29 = DIRECTION('',(0.,0.,1.));
#30 = DIRECTION('',(1.,0.,0.));
#31 = ORIENTED_EDGE('',*,*,#32,.T.);
#32 = EDGE_CURVE('',#24,#33,#35,.T.);
#33 = VERTEX_POINT('',#34);
#34 = CARTESIAN_POINT('',(7.278460969083,28.5,8.6));
#35 = CIRCLE('',#36,2.4);
#36 = AXIS2_PLACEMENT_3D('',#37,#38,#39);
#37 = CARTESIAN_POINT('',(5.2,27.3,8.6));
#38 = DIRECTION('',(0.,0.,1.));
#39 = DIRECTION('',(1.,0.,0.));
#40 = ORIENTED_EDGE('',*,*,#41,.F.);
#41 = EDGE_CURVE('',#22,#33,#42,.T.);
#42 = LINE('',#43,#44);
#43 = CARTESIAN_POINT('',(4.1,28.5,8.6));
#44 = VECTOR('',#45,1.);
#45 = DIRECTION('',(1.,0.,0.));
#46 = FACE_BOUND('',#47,.F.);
#47 = EDGE_LOOP('',(#48));
#48 = ORIENTED_EDGE('',*,*,#49,.T.);
#49 = EDGE_CURVE('',#50,#50,#52,.T.);
#50 = VERTEX_POINT('',#51);
#51 = CARTESIAN_POINT('',(6.05,27.3,8.6));
#52 = CIRCLE('',#53,0.85);
#53 = AXIS2_PLACEMENT_3D('',#54,#55,#56);
#54 = CARTESIAN_POINT('',(5.2,27.3,8.6));
#55 = DIRECTION('',(0.,0.,-1.));
#56 = DIRECTION('',(1.,0.,0.));
#57 = PLANE('',#58);
#58 = AXIS2_PLACEMENT_3D('',#59,#60,#61);
#59 = CARTESIAN_POINT('',(5.2,27.3,8.6));
#60 = DIRECTION('',(0.,0.,1.));
#61 = DIRECTION('',(1.,0.,0.));
#62 = ADVANCED_FACE('',(#63),#99,.T.);
#63 = FACE_BOUND('',#64,.F.);
#64 = EDGE_LOOP('',(#65,#73,#82,#91,#97,#98));
#65 = ORIENTED_EDGE('',*,*,#66,.F.);
#66 = EDGE_CURVE('',#67,#22,#69,.T.);
#67 = VERTEX_POINT('',#68);
#68 = CARTESIAN_POINT('',(3.121539030917,28.5,23.5));
#69 = LINE('',#70,#71);
#70 = CARTESIAN_POINT('',(3.121539030917,28.5,8.6));
#71 = VECTOR('',#72,1.);
#72 = DIRECTION('',(-0.,-0.,-1.));
#73 = ORIENTED_EDGE('',*,*,#74,.F.);
#74 = EDGE_CURVE('',#75,#67,#77,.T.);
#75 = VERTEX_POINT('',#76);
#76 = CARTESIAN_POINT('',(7.6,27.3,23.5));
#77 = CIRCLE('',#78,2.4);
#78 = AXIS2_PLACEMENT_3D('',#79,#80,#81);
#79 = CARTESIAN_POINT('',(5.2,27.3,23.5));
#80 = DIRECTION('',(0.,0.,-1.));
#81 = DIRECTION('',(1.,0.,0.));
#82 = ORIENTED_EDGE('',*,*,#83,.F.);
#83 = EDGE_CURVE('',#84,#75,#86,.T.);
#84 = VERTEX_POINT('',#85);
#85 = CARTESIAN_POINT('',(7.278460969083,28.5,23.5));
#86 = CIRCLE('',#87,2.4);
#87 = AXIS2_PLACEMENT_3D('',#88,#89,#90);
#88 = CARTESIAN_POINT('',(5.2,27.3,23.5));
#89 = DIRECTION('',(0.,0.,-1.));
#90 = DIRECTION('',(1.,0.,0.));
#91 = ORIENTED_EDGE('',*,*,#92,.T.);
#92 = EDGE_CURVE('',#84,#33,#93,.T.);
#93 = LINE('',#94,#95);
#94 = CARTESIAN_POINT('',(7.278460969083,28.5,8.6));
#95 = VECTOR('',#96,1.);
#96 = DIRECTION('',(-0.,-0.,-1.));
#97 = ORIENTED_EDGE('',*,*,#32,.F.);
#98 = ORIENTED_EDGE('',*,*,#21,.F.);
#99 = CYLINDRICAL_SURFACE('',#100,2.4);
#100 = AXIS2_PLACEMENT_3D('',#101,#102,#103);
#101 = CARTESIAN_POINT('',(5.2,27.3,8.6));
#102 = DIRECTION('',(-0.,-0.,-1.));
#103 = DIRECTION('',(1.,0.,0.));
#104 = ADVANCED_FACE('',(#105),#244,.F.);
#105 = FACE_BOUND('',#106,.F.);
#106 = EDGE_LOOP('',(#107,#117,#125,#131,#132,#133,#134,#142,#150,#158,
    #166,#174,#182,#190,#198,#206,#214,#222,#230,#238));
#107 = ORIENTED_EDGE('',*,*,#108,.F.);
#108 = EDGE_CURVE('',#109,#111,#113,.T.);
#109 = VERTEX_POINT('',#110);
#110 = CARTESIAN_POINT('',(3.,28.5,7.));
#111 = VERTEX_POINT('',#112);
#112 = CARTESIAN_POINT('',(7.562731470142,28.5,7.));
#113 = LINE('',#114,#115);
#114 = CARTESIAN_POINT('',(9.,28.5,7.));
#115 = VECTOR('',#116,1.);
#116 = DIRECTION('',(1.,0.,0.));
#117 = ORIENTED_EDGE('',*,*,#118,.T.);
#118 = EDGE_CURVE('',#109,#119,#121,.T.);
#119 = VERTEX_POINT('',#120);
#120 = CARTESIAN_POINT('',(3.,28.5,23.5));
#121 = LINE('',#122,#123);
#122 = CARTESIAN_POINT('',(3.,28.5,6.99));
#123 = VECTOR('',#124,1.);
#124 = DIRECTION('',(0.,0.,1.));
#125 = ORIENTED_EDGE('',*,*,#126,.T.);
#126 = EDGE_CURVE('',#119,#67,#127,.T.);
#127 = LINE('',#128,#129);
#128 = CARTESIAN_POINT('',(3.,28.5,23.5));
#129 = VECTOR('',#130,1.);
#130 = DIRECTION('',(1.,0.,0.));
#131 = ORIENTED_EDGE('',*,*,#66,.T.);
#132 = ORIENTED_EDGE('',*,*,#41,.T.);
#133 = ORIENTED_EDGE('',*,*,#92,.F.);
#134 = ORIENTED_EDGE('',*,*,#135,.T.);
#135 = EDGE_CURVE('',#84,#136,#138,.T.);
#136 = VERTEX_POINT('',#137);
#137 = CARTESIAN_POINT('',(22.721539030917,28.5,23.5));
#138 = LINE('',#139,#140);
#139 = CARTESIAN_POINT('',(3.,28.5,23.5));
#140 = VECTOR('',#141,1.);
#141 = DIRECTION('',(1.,0.,0.));
#142 = ORIENTED_EDGE('',*,*,#143,.T.);
#143 = EDGE_CURVE('',#136,#144,#146,.T.);
#144 = VERTEX_POINT('',#145);
#145 = CARTESIAN_POINT('',(22.721539030917,28.5,8.6));
#146 = LINE('',#147,#148);
#147 = CARTESIAN_POINT('',(22.721539030917,28.5,8.6));
#148 = VECTOR('',#149,1.);
#149 = DIRECTION('',(-0.,-0.,-1.));
#150 = ORIENTED_EDGE('',*,*,#151,.T.);
#151 = EDGE_CURVE('',#144,#152,#154,.T.);
#152 = VERTEX_POINT('',#153);
#153 = CARTESIAN_POINT('',(26.878460969083,28.5,8.6));
#154 = LINE('',#155,#156);
#155 = CARTESIAN_POINT('',(13.9,28.5,8.6));
#156 = VECTOR('',#157,1.);
#157 = DIRECTION('',(1.,0.,0.));
#158 = ORIENTED_EDGE('',*,*,#159,.F.);
#159 = EDGE_CURVE('',#160,#152,#162,.T.);
#160 = VERTEX_POINT('',#161);
#161 = CARTESIAN_POINT('',(26.878460969083,28.5,23.5));
#162 = LINE('',#163,#164);
#163 = CARTESIAN_POINT('',(26.878460969083,28.5,8.6));
#164 = VECTOR('',#165,1.);
#165 = DIRECTION('',(-0.,-0.,-1.));
#166 = ORIENTED_EDGE('',*,*,#167,.T.);
#167 = EDGE_CURVE('',#160,#168,#170,.T.);
#168 = VERTEX_POINT('',#169);
#169 = CARTESIAN_POINT('',(27.,28.5,23.5));
#170 = LINE('',#171,#172);
#171 = CARTESIAN_POINT('',(3.,28.5,23.5));
#172 = VECTOR('',#173,1.);
#173 = DIRECTION('',(1.,0.,0.));
#174 = ORIENTED_EDGE('',*,*,#175,.F.);
#175 = EDGE_CURVE('',#176,#168,#178,.T.);
#176 = VERTEX_POINT('',#177);
#177 = CARTESIAN_POINT('',(27.,28.5,7.));
#178 = LINE('',#179,#180);
#179 = CARTESIAN_POINT('',(27.,28.5,6.99));
#180 = VECTOR('',#181,1.);
#181 = DIRECTION('',(0.,0.,1.));
#182 = ORIENTED_EDGE('',*,*,#183,.F.);
#183 = EDGE_CURVE('',#184,#176,#186,.T.);
#184 = VERTEX_POINT('',#185);
#185 = CARTESIAN_POINT('',(22.437268529858,28.5,7.));
#186 = LINE('',#187,#188);
#187 = CARTESIAN_POINT('',(9.,28.5,7.));
#188 = VECTOR('',#189,1.);
#189 = DIRECTION('',(1.,0.,0.));
#190 = ORIENTED_EDGE('',*,*,#191,.F.);
#191 = EDGE_CURVE('',#192,#184,#194,.T.);
#192 = VERTEX_POINT('',#193);
#193 = CARTESIAN_POINT('',(22.437268529858,28.5,7.02));
#194 = LINE('',#195,#196);
#195 = CARTESIAN_POINT('',(22.437268529858,28.5,5.3));
#196 = VECTOR('',#197,1.);
#197 = DIRECTION('',(-0.,-0.,-1.));
#198 = ORIENTED_EDGE('',*,*,#199,.F.);
#199 = EDGE_CURVE('',#200,#192,#202,.T.);
#200 = VERTEX_POINT('',#201);
#201 = CARTESIAN_POINT('',(19.5,28.5,7.02));
#202 = LINE('',#203,#204);
#203 = CARTESIAN_POINT('',(9.,28.5,7.02));
#204 = VECTOR('',#205,1.);
#205 = DIRECTION('',(1.,0.,0.));
#206 = ORIENTED_EDGE('',*,*,#207,.T.);
#207 = EDGE_CURVE('',#200,#208,#210,.T.);
#208 = VERTEX_POINT('',#209);
#209 = CARTESIAN_POINT('',(19.5,28.5,7.));
#210 = LINE('',#211,#212);
#211 = CARTESIAN_POINT('',(19.5,28.5,6.145));
#212 = VECTOR('',#213,1.);
#213 = DIRECTION('',(0.,0.,-1.));
#214 = ORIENTED_EDGE('',*,*,#215,.F.);
#215 = EDGE_CURVE('',#216,#208,#218,.T.);
#216 = VERTEX_POINT('',#217);
#217 = CARTESIAN_POINT('',(10.5,28.5,7.));
#218 = LINE('',#219,#220);
#219 = CARTESIAN_POINT('',(9.,28.5,7.));
#220 = VECTOR('',#221,1.);
#221 = DIRECTION('',(1.,0.,0.));
#222 = ORIENTED_EDGE('',*,*,#223,.F.);
#223 = EDGE_CURVE('',#224,#216,#226,.T.);
#224 = VERTEX_POINT('',#225);
#225 = CARTESIAN_POINT('',(10.5,28.5,7.02));
#226 = LINE('',#227,#228);
#227 = CARTESIAN_POINT('',(10.5,28.5,6.145));
#228 = VECTOR('',#229,1.);
#229 = DIRECTION('',(0.,0.,-1.));
#230 = ORIENTED_EDGE('',*,*,#231,.F.);
#231 = EDGE_CURVE('',#232,#224,#234,.T.);
#232 = VERTEX_POINT('',#233);
#233 = CARTESIAN_POINT('',(7.562731470142,28.5,7.02));
#234 = LINE('',#235,#236);
#235 = CARTESIAN_POINT('',(9.,28.5,7.02));
#236 = VECTOR('',#237,1.);
#237 = DIRECTION('',(1.,0.,0.));
#238 = ORIENTED_EDGE('',*,*,#239,.T.);
#239 = EDGE_CURVE('',#232,#111,#240,.T.);
#240 = LINE('',#241,#242);
#241 = CARTESIAN_POINT('',(7.562731470142,28.5,5.3));
#242 = VECTOR('',#243,1.);
#243 = DIRECTION('',(-0.,-0.,-1.));
#244 = PLANE('',#245);
#245 = AXIS2_PLACEMENT_3D('',#246,#247,#248);
#246 = CARTESIAN_POINT('',(3.,28.5,6.99));
#247 = DIRECTION('',(0.,1.,0.));
#248 = DIRECTION('',(0.,0.,1.));
#249 = ADVANCED_FACE('',(#250),#269,.F.);
#250 = FACE_BOUND('',#251,.T.);
#251 = EDGE_LOOP('',(#252,#253,#261,#268));
#252 = ORIENTED_EDGE('',*,*,#49,.T.);
#253 = ORIENTED_EDGE('',*,*,#254,.T.);
#254 = EDGE_CURVE('',#50,#255,#257,.T.);
#255 = VERTEX_POINT('',#256);
#256 = CARTESIAN_POINT('',(6.05,27.3,13.2));
#257 = LINE('',#258,#259);
#258 = CARTESIAN_POINT('',(6.05,27.3,8.59));
#259 = VECTOR('',#260,1.);
#260 = DIRECTION('',(0.,0.,1.));
#261 = ORIENTED_EDGE('',*,*,#262,.T.);
#262 = EDGE_CURVE('',#255,#255,#263,.T.);
#263 = CIRCLE('',#264,0.85);
#264 = AXIS2_PLACEMENT_3D('',#265,#266,#267);
#265 = CARTESIAN_POINT('',(5.2,27.3,13.2));
#266 = DIRECTION('',(0.,0.,1.));
#267 = DIRECTION('',(1.,0.,0.));
#268 = ORIENTED_EDGE('',*,*,#254,.F.);
#269 = CYLINDRICAL_SURFACE('',#270,0.85);
#270 = AXIS2_PLACEMENT_3D('',#271,#272,#273);
#271 = CARTESIAN_POINT('',(5.2,27.3,8.59));
#272 = DIRECTION('',(-0.,-0.,-1.));
#273 = DIRECTION('',(1.,0.,0.));
#274 = ADVANCED_FACE('',(#275,#356),#367,.F.);
#275 = FACE_BOUND('',#276,.F.);
#276 = EDGE_LOOP('',(#277,#287,#296,#304,#313,#321,#328,#329,#338,#345,
    #346,#347,#348,#349));
#277 = ORIENTED_EDGE('',*,*,#278,.F.);
#278 = EDGE_CURVE('',#279,#281,#283,.T.);
#279 = VERTEX_POINT('',#280);
#280 = CARTESIAN_POINT('',(1.5,3.,23.5));
#281 = VERTEX_POINT('',#282);
#282 = CARTESIAN_POINT('',(1.5,27.,23.5));
#283 = LINE('',#284,#285);
#284 = CARTESIAN_POINT('',(1.5,3.,23.5));
#285 = VECTOR('',#286,1.);
#286 = DIRECTION('',(0.,1.,0.));
#287 = ORIENTED_EDGE('',*,*,#288,.T.);
#288 = EDGE_CURVE('',#279,#289,#291,.T.);
#289 = VERTEX_POINT('',#290);
#290 = CARTESIAN_POINT('',(3.,1.5,23.5));
#291 = CIRCLE('',#292,1.5);
#292 = AXIS2_PLACEMENT_3D('',#293,#294,#295);
#293 = CARTESIAN_POINT('',(3.,3.,23.5));
#294 = DIRECTION('',(0.,0.,1.));
#295 = DIRECTION('',(1.,0.,0.));
#296 = ORIENTED_EDGE('',*,*,#297,.T.);
#297 = EDGE_CURVE('',#289,#298,#300,.T.);
#298 = VERTEX_POINT('',#299);
#299 = CARTESIAN_POINT('',(27.,1.5,23.5));
#300 = LINE('',#301,#302);
#301 = CARTESIAN_POINT('',(3.,1.5,23.5));
#302 = VECTOR('',#303,1.);
#303 = DIRECTION('',(1.,0.,0.));
#304 = ORIENTED_EDGE('',*,*,#305,.T.);
#305 = EDGE_CURVE('',#298,#306,#308,.T.);
#306 = VERTEX_POINT('',#307);
#307 = CARTESIAN_POINT('',(28.5,3.,23.5));
#308 = CIRCLE('',#309,1.5);
#309 = AXIS2_PLACEMENT_3D('',#310,#311,#312);
#310 = CARTESIAN_POINT('',(27.,3.,23.5));
#311 = DIRECTION('',(0.,0.,1.));
#312 = DIRECTION('',(1.,0.,0.));
#313 = ORIENTED_EDGE('',*,*,#314,.T.);
#314 = EDGE_CURVE('',#306,#315,#317,.T.);
#315 = VERTEX_POINT('',#316);
#316 = CARTESIAN_POINT('',(28.5,27.,23.5));
#317 = LINE('',#318,#319);
#318 = CARTESIAN_POINT('',(28.5,3.,23.5));
#319 = VECTOR('',#320,1.);
#320 = DIRECTION('',(0.,1.,0.));
#321 = ORIENTED_EDGE('',*,*,#322,.T.);
#322 = EDGE_CURVE('',#315,#168,#323,.T.);
#323 = CIRCLE('',#324,1.5);
#324 = AXIS2_PLACEMENT_3D('',#325,#326,#327);
#325 = CARTESIAN_POINT('',(27.,27.,23.5));
#326 = DIRECTION('',(0.,0.,1.));
#327 = DIRECTION('',(1.,0.,0.));
#328 = ORIENTED_EDGE('',*,*,#167,.F.);
#329 = ORIENTED_EDGE('',*,*,#330,.T.);
#330 = EDGE_CURVE('',#160,#331,#333,.T.);
#331 = VERTEX_POINT('',#332);
#332 = CARTESIAN_POINT('',(27.2,27.3,23.5));
#333 = CIRCLE('',#334,2.4);
#334 = AXIS2_PLACEMENT_3D('',#335,#336,#337);
#335 = CARTESIAN_POINT('',(24.8,27.3,23.5));
#336 = DIRECTION('',(0.,0.,-1.));
#337 = DIRECTION('',(1.,0.,0.));
#338 = ORIENTED_EDGE('',*,*,#339,.T.);
#339 = EDGE_CURVE('',#331,#136,#340,.T.);
#340 = CIRCLE('',#341,2.4);
#341 = AXIS2_PLACEMENT_3D('',#342,#343,#344);
#342 = CARTESIAN_POINT('',(24.8,27.3,23.5));
#343 = DIRECTION('',(0.,0.,-1.));
#344 = DIRECTION('',(1.,0.,0.));
#345 = ORIENTED_EDGE('',*,*,#135,.F.);
#346 = ORIENTED_EDGE('',*,*,#83,.T.);
#347 = ORIENTED_EDGE('',*,*,#74,.T.);
#348 = ORIENTED_EDGE('',*,*,#126,.F.);
#349 = ORIENTED_EDGE('',*,*,#350,.T.);
#350 = EDGE_CURVE('',#119,#281,#351,.T.);
#351 = CIRCLE('',#352,1.5);
#352 = AXIS2_PLACEMENT_3D('',#353,#354,#355);
#353 = CARTESIAN_POINT('',(3.,27.,23.5));
#354 = DIRECTION('',(0.,0.,1.));
#355 = DIRECTION('',(1.,0.,0.));
#356 = FACE_BOUND('',#357,.F.);
#357 = EDGE_LOOP('',(#358));
#358 = ORIENTED_EDGE('',*,*,#359,.T.);
#359 = EDGE_CURVE('',#360,#360,#362,.T.);
#360 = VERTEX_POINT('',#361);
#361 = CARTESIAN_POINT('',(28.2,15.,23.5));
#362 = CIRCLE('',#363,13.2);
#363 = AXIS2_PLACEMENT_3D('',#364,#365,#366);
#364 = CARTESIAN_POINT('',(15.,15.,23.5));
#365 = DIRECTION('',(0.,0.,-1.));
#366 = DIRECTION('',(1.,0.,0.));
#367 = PLANE('',#368);
#368 = AXIS2_PLACEMENT_3D('',#369,#370,#371);
#369 = CARTESIAN_POINT('',(15.,15.,23.5));
#370 = DIRECTION('',(0.,0.,1.));
#371 = DIRECTION('',(1.,0.,0.));
#372 = ADVANCED_FACE('',(#373),#698,.T.);
#373 = FACE_BOUND('',#374,.T.);
#374 = EDGE_LOOP('',(#375,#386,#394,#403,#411,#420,#428,#437,#445,#453,
    #461,#470,#478,#486,#494,#502,#510,#519,#527,#536,#543,#544,#553,
    #561,#567,#568,#576,#584,#591,#592,#601,#610,#618,#627,#635,#643,
    #651,#659,#667,#676,#684,#692));
#375 = ORIENTED_EDGE('',*,*,#376,.F.);
#376 = EDGE_CURVE('',#377,#379,#381,.T.);
#377 = VERTEX_POINT('',#378);
#378 = CARTESIAN_POINT('',(0.,3.,7.));
#379 = VERTEX_POINT('',#380);
#380 = CARTESIAN_POINT('',(3.,0.,7.));
#381 = CIRCLE('',#382,3.);
#382 = AXIS2_PLACEMENT_3D('',#383,#384,#385);
#383 = CARTESIAN_POINT('',(3.,3.,7.));
#384 = DIRECTION('',(0.,0.,1.));
#385 = DIRECTION('',(1.,0.,0.));
#386 = ORIENTED_EDGE('',*,*,#387,.T.);
#387 = EDGE_CURVE('',#377,#388,#390,.T.);
#388 = VERTEX_POINT('',#389);
#389 = CARTESIAN_POINT('',(0.,27.,7.));
#390 = LINE('',#391,#392);
#391 = CARTESIAN_POINT('',(0.,3.,7.));
#392 = VECTOR('',#393,1.);
#393 = DIRECTION('',(0.,1.,0.));
#394 = ORIENTED_EDGE('',*,*,#395,.F.);
#395 = EDGE_CURVE('',#396,#388,#398,.T.);
#396 = VERTEX_POINT('',#397);
#397 = CARTESIAN_POINT('',(3.,30.,7.));
#398 = CIRCLE('',#399,3.);
#399 = AXIS2_PLACEMENT_3D('',#400,#401,#402);
#400 = CARTESIAN_POINT('',(3.,27.,7.));
#401 = DIRECTION('',(0.,0.,1.));
#402 = DIRECTION('',(1.,0.,0.));
#403 = ORIENTED_EDGE('',*,*,#404,.T.);
#404 = EDGE_CURVE('',#396,#405,#407,.T.);
#405 = VERTEX_POINT('',#406);
#406 = CARTESIAN_POINT('',(27.,30.,7.));
#407 = LINE('',#408,#409);
#408 = CARTESIAN_POINT('',(3.,30.,7.));
#409 = VECTOR('',#410,1.);
#410 = DIRECTION('',(1.,0.,0.));
#411 = ORIENTED_EDGE('',*,*,#412,.F.);
#412 = EDGE_CURVE('',#413,#405,#415,.T.);
#413 = VERTEX_POINT('',#414);
#414 = CARTESIAN_POINT('',(30.,27.,7.));
#415 = CIRCLE('',#416,3.);
#416 = AXIS2_PLACEMENT_3D('',#417,#418,#419);
#417 = CARTESIAN_POINT('',(27.,27.,7.));
#418 = DIRECTION('',(0.,0.,1.));
#419 = DIRECTION('',(1.,0.,0.));
#420 = ORIENTED_EDGE('',*,*,#421,.F.);
#421 = EDGE_CURVE('',#422,#413,#424,.T.);
#422 = VERTEX_POINT('',#423);
#423 = CARTESIAN_POINT('',(30.,3.,7.));
#424 = LINE('',#425,#426);
#425 = CARTESIAN_POINT('',(30.,3.,7.));
#426 = VECTOR('',#427,1.);
#427 = DIRECTION('',(0.,1.,0.));
#428 = ORIENTED_EDGE('',*,*,#429,.F.);
#429 = EDGE_CURVE('',#430,#422,#432,.T.);
#430 = VERTEX_POINT('',#431);
#431 = CARTESIAN_POINT('',(27.,0.,7.));
#432 = CIRCLE('',#433,3.);
#433 = AXIS2_PLACEMENT_3D('',#434,#435,#436);
#434 = CARTESIAN_POINT('',(27.,3.,7.));
#435 = DIRECTION('',(0.,0.,1.));
#436 = DIRECTION('',(1.,0.,0.));
#437 = ORIENTED_EDGE('',*,*,#438,.F.);
#438 = EDGE_CURVE('',#439,#430,#441,.T.);
#439 = VERTEX_POINT('',#440);
#440 = CARTESIAN_POINT('',(21.5,0.,7.));
#441 = LINE('',#442,#443);
#442 = CARTESIAN_POINT('',(3.,0.,7.));
#443 = VECTOR('',#444,1.);
#444 = DIRECTION('',(1.,0.,0.));
#445 = ORIENTED_EDGE('',*,*,#446,.F.);
#446 = EDGE_CURVE('',#447,#439,#449,.T.);
#447 = VERTEX_POINT('',#448);
#448 = CARTESIAN_POINT('',(21.5,1.1,7.));
#449 = LINE('',#450,#451);
#450 = CARTESIAN_POINT('',(21.5,7.,7.));
#451 = VECTOR('',#452,1.);
#452 = DIRECTION('',(0.,-1.,0.));
#453 = ORIENTED_EDGE('',*,*,#454,.T.);
#454 = EDGE_CURVE('',#447,#455,#457,.T.);
#455 = VERTEX_POINT('',#456);
#456 = CARTESIAN_POINT('',(27.,1.1,7.));
#457 = LINE('',#458,#459);
#458 = CARTESIAN_POINT('',(9.,1.1,7.));
#459 = VECTOR('',#460,1.);
#460 = DIRECTION('',(1.,0.,0.));
#461 = ORIENTED_EDGE('',*,*,#462,.F.);
#462 = EDGE_CURVE('',#463,#455,#465,.T.);
#463 = VERTEX_POINT('',#464);
#464 = CARTESIAN_POINT('',(28.9,3.,7.));
#465 = CIRCLE('',#466,1.9);
#466 = AXIS2_PLACEMENT_3D('',#467,#468,#469);
#467 = CARTESIAN_POINT('',(27.,3.,7.));
#468 = DIRECTION('',(0.,0.,-1.));
#469 = DIRECTION('',(1.,0.,0.));
#470 = ORIENTED_EDGE('',*,*,#471,.F.);
#471 = EDGE_CURVE('',#472,#463,#474,.T.);
#472 = VERTEX_POINT('',#473);
#473 = CARTESIAN_POINT('',(28.9,10.5,7.));
#474 = LINE('',#475,#476);
#475 = CARTESIAN_POINT('',(28.9,9.,7.));
#476 = VECTOR('',#477,1.);
#477 = DIRECTION('',(0.,-1.,0.));
#478 = ORIENTED_EDGE('',*,*,#479,.F.);
#479 = EDGE_CURVE('',#480,#472,#482,.T.);
#480 = VERTEX_POINT('',#481);
#481 = CARTESIAN_POINT('',(28.5,10.5,7.));
#482 = LINE('',#483,#484);
#483 = CARTESIAN_POINT('',(20.5,10.5,7.));
#484 = VECTOR('',#485,1.);
#485 = DIRECTION('',(1.,0.,0.));
#486 = ORIENTED_EDGE('',*,*,#487,.F.);
#487 = EDGE_CURVE('',#488,#480,#490,.T.);
#488 = VERTEX_POINT('',#489);
#489 = CARTESIAN_POINT('',(28.5,19.5,7.));
#490 = LINE('',#491,#492);
#491 = CARTESIAN_POINT('',(28.5,9.,7.));
#492 = VECTOR('',#493,1.);
#493 = DIRECTION('',(0.,-1.,0.));
#494 = ORIENTED_EDGE('',*,*,#495,.T.);
#495 = EDGE_CURVE('',#488,#496,#498,.T.);
#496 = VERTEX_POINT('',#497);
#497 = CARTESIAN_POINT('',(28.9,19.5,7.));
#498 = LINE('',#499,#500);
#499 = CARTESIAN_POINT('',(20.5,19.5,7.));
#500 = VECTOR('',#501,1.);
#501 = DIRECTION('',(1.,0.,0.));
#502 = ORIENTED_EDGE('',*,*,#503,.F.);
#503 = EDGE_CURVE('',#504,#496,#506,.T.);
#504 = VERTEX_POINT('',#505);
#505 = CARTESIAN_POINT('',(28.9,27.,7.));
#506 = LINE('',#507,#508);
#507 = CARTESIAN_POINT('',(28.9,9.,7.));
#508 = VECTOR('',#509,1.);
#509 = DIRECTION('',(0.,-1.,0.));
#510 = ORIENTED_EDGE('',*,*,#511,.F.);
#511 = EDGE_CURVE('',#512,#504,#514,.T.);
#512 = VERTEX_POINT('',#513);
#513 = CARTESIAN_POINT('',(27.,28.9,7.));
#514 = CIRCLE('',#515,1.9);
#515 = AXIS2_PLACEMENT_3D('',#516,#517,#518);
#516 = CARTESIAN_POINT('',(27.,27.,7.));
#517 = DIRECTION('',(0.,0.,-1.));
#518 = DIRECTION('',(1.,0.,0.));
#519 = ORIENTED_EDGE('',*,*,#520,.F.);
#520 = EDGE_CURVE('',#521,#512,#523,.T.);
#521 = VERTEX_POINT('',#522);
#522 = CARTESIAN_POINT('',(26.912463017428,28.9,7.));
#523 = LINE('',#524,#525);
#524 = CARTESIAN_POINT('',(9.,28.9,7.));
#525 = VECTOR('',#526,1.);
#526 = DIRECTION('',(1.,0.,0.));
#527 = ORIENTED_EDGE('',*,*,#528,.T.);
#528 = EDGE_CURVE('',#521,#529,#531,.T.);
#529 = VERTEX_POINT('',#530);
#530 = CARTESIAN_POINT('',(27.167471157328,28.490621820404,7.));
#531 = CIRCLE('',#532,2.65);
#532 = AXIS2_PLACEMENT_3D('',#533,#534,#535);
#533 = CARTESIAN_POINT('',(24.8,27.3,7.));
#534 = DIRECTION('',(0.,0.,-1.));
#535 = DIRECTION('',(1.,0.,0.));
#536 = ORIENTED_EDGE('',*,*,#537,.F.);
#537 = EDGE_CURVE('',#176,#529,#538,.T.);
#538 = CIRCLE('',#539,1.5);
#539 = AXIS2_PLACEMENT_3D('',#540,#541,#542);
#540 = CARTESIAN_POINT('',(27.,27.,7.));
#541 = DIRECTION('',(0.,0.,-1.));
#542 = DIRECTION('',(1.,0.,0.));
#543 = ORIENTED_EDGE('',*,*,#183,.F.);
#544 = ORIENTED_EDGE('',*,*,#545,.T.);
#545 = EDGE_CURVE('',#184,#546,#548,.T.);
#546 = VERTEX_POINT('',#547);
#547 = CARTESIAN_POINT('',(22.687536982572,28.9,7.));
#548 = CIRCLE('',#549,2.65);
#549 = AXIS2_PLACEMENT_3D('',#550,#551,#552);
#550 = CARTESIAN_POINT('',(24.8,27.3,7.));
#551 = DIRECTION('',(0.,0.,-1.));
#552 = DIRECTION('',(1.,0.,0.));
#553 = ORIENTED_EDGE('',*,*,#554,.F.);
#554 = EDGE_CURVE('',#555,#546,#557,.T.);
#555 = VERTEX_POINT('',#556);
#556 = CARTESIAN_POINT('',(19.5,28.9,7.));
#557 = LINE('',#558,#559);
#558 = CARTESIAN_POINT('',(9.,28.9,7.));
#559 = VECTOR('',#560,1.);
#560 = DIRECTION('',(1.,0.,0.));
#561 = ORIENTED_EDGE('',*,*,#562,.T.);
#562 = EDGE_CURVE('',#555,#208,#563,.T.);
#563 = LINE('',#564,#565);
#564 = CARTESIAN_POINT('',(19.5,20.5,7.));
#565 = VECTOR('',#566,1.);
#566 = DIRECTION('',(0.,-1.,0.));
#567 = ORIENTED_EDGE('',*,*,#215,.F.);
#568 = ORIENTED_EDGE('',*,*,#569,.F.);
#569 = EDGE_CURVE('',#570,#216,#572,.T.);
#570 = VERTEX_POINT('',#571);
#571 = CARTESIAN_POINT('',(10.5,28.9,7.));
#572 = LINE('',#573,#574);
#573 = CARTESIAN_POINT('',(10.5,20.5,7.));
#574 = VECTOR('',#575,1.);
#575 = DIRECTION('',(0.,-1.,0.));
#576 = ORIENTED_EDGE('',*,*,#577,.F.);
#577 = EDGE_CURVE('',#578,#570,#580,.T.);
#578 = VERTEX_POINT('',#579);
#579 = CARTESIAN_POINT('',(7.312463017428,28.9,7.));
#580 = LINE('',#581,#582);
#581 = CARTESIAN_POINT('',(9.,28.9,7.));
#582 = VECTOR('',#583,1.);
#583 = DIRECTION('',(1.,0.,0.));
#584 = ORIENTED_EDGE('',*,*,#585,.T.);
#585 = EDGE_CURVE('',#578,#111,#586,.T.);
#586 = CIRCLE('',#587,2.65);
#587 = AXIS2_PLACEMENT_3D('',#588,#589,#590);
#588 = CARTESIAN_POINT('',(5.2,27.3,7.));
#589 = DIRECTION('',(0.,0.,-1.));
#590 = DIRECTION('',(1.,0.,0.));
#591 = ORIENTED_EDGE('',*,*,#108,.F.);
#592 = ORIENTED_EDGE('',*,*,#593,.F.);
#593 = EDGE_CURVE('',#594,#109,#596,.T.);
#594 = VERTEX_POINT('',#595);
#595 = CARTESIAN_POINT('',(2.832528842672,28.490621820404,7.));
#596 = CIRCLE('',#597,1.5);
#597 = AXIS2_PLACEMENT_3D('',#598,#599,#600);
#598 = CARTESIAN_POINT('',(3.,27.,7.));
#599 = DIRECTION('',(0.,0.,-1.));
#600 = DIRECTION('',(1.,0.,0.));
#601 = ORIENTED_EDGE('',*,*,#602,.T.);
#602 = EDGE_CURVE('',#594,#603,#605,.T.);
#603 = VERTEX_POINT('',#604);
#604 = CARTESIAN_POINT('',(3.087536982572,28.9,7.));
#605 = CIRCLE('',#606,2.65);
#606 = AXIS2_PLACEMENT_3D('',#607,#608,#609);
#607 = CARTESIAN_POINT('',(5.2,27.3,7.));
#608 = DIRECTION('',(0.,0.,-1.));
#609 = DIRECTION('',(1.,0.,0.));
#610 = ORIENTED_EDGE('',*,*,#611,.F.);
#611 = EDGE_CURVE('',#612,#603,#614,.T.);
#612 = VERTEX_POINT('',#613);
#613 = CARTESIAN_POINT('',(3.,28.9,7.));
#614 = LINE('',#615,#616);
#615 = CARTESIAN_POINT('',(9.,28.9,7.));
#616 = VECTOR('',#617,1.);
#617 = DIRECTION('',(1.,0.,0.));
#618 = ORIENTED_EDGE('',*,*,#619,.F.);
#619 = EDGE_CURVE('',#620,#612,#622,.T.);
#620 = VERTEX_POINT('',#621);
#621 = CARTESIAN_POINT('',(1.1,27.,7.));
#622 = CIRCLE('',#623,1.9);
#623 = AXIS2_PLACEMENT_3D('',#624,#625,#626);
#624 = CARTESIAN_POINT('',(3.,27.,7.));
#625 = DIRECTION('',(0.,0.,-1.));
#626 = DIRECTION('',(1.,0.,0.));
#627 = ORIENTED_EDGE('',*,*,#628,.T.);
#628 = EDGE_CURVE('',#620,#629,#631,.T.);
#629 = VERTEX_POINT('',#630);
#630 = CARTESIAN_POINT('',(1.1,19.5,7.));
#631 = LINE('',#632,#633);
#632 = CARTESIAN_POINT('',(1.1,9.,7.));
#633 = VECTOR('',#634,1.);
#634 = DIRECTION('',(0.,-1.,0.));
#635 = ORIENTED_EDGE('',*,*,#636,.T.);
#636 = EDGE_CURVE('',#629,#637,#639,.T.);
#637 = VERTEX_POINT('',#638);
#638 = CARTESIAN_POINT('',(1.5,19.5,7.));
#639 = LINE('',#640,#641);
#640 = CARTESIAN_POINT('',(7.,19.5,7.));
#641 = VECTOR('',#642,1.);
#642 = DIRECTION('',(1.,0.,0.));
#643 = ORIENTED_EDGE('',*,*,#644,.T.);
#644 = EDGE_CURVE('',#637,#645,#647,.T.);
#645 = VERTEX_POINT('',#646);
#646 = CARTESIAN_POINT('',(1.5,10.5,7.));
#647 = LINE('',#648,#649);
#648 = CARTESIAN_POINT('',(1.5,9.,7.));
#649 = VECTOR('',#650,1.);
#650 = DIRECTION('',(0.,-1.,0.));
#651 = ORIENTED_EDGE('',*,*,#652,.F.);
#652 = EDGE_CURVE('',#653,#645,#655,.T.);
#653 = VERTEX_POINT('',#654);
#654 = CARTESIAN_POINT('',(1.1,10.5,7.));
#655 = LINE('',#656,#657);
#656 = CARTESIAN_POINT('',(7.,10.5,7.));
#657 = VECTOR('',#658,1.);
#658 = DIRECTION('',(1.,0.,0.));
#659 = ORIENTED_EDGE('',*,*,#660,.T.);
#660 = EDGE_CURVE('',#653,#661,#663,.T.);
#661 = VERTEX_POINT('',#662);
#662 = CARTESIAN_POINT('',(1.1,3.,7.));
#663 = LINE('',#664,#665);
#664 = CARTESIAN_POINT('',(1.1,9.,7.));
#665 = VECTOR('',#666,1.);
#666 = DIRECTION('',(0.,-1.,0.));
#667 = ORIENTED_EDGE('',*,*,#668,.F.);
#668 = EDGE_CURVE('',#669,#661,#671,.T.);
#669 = VERTEX_POINT('',#670);
#670 = CARTESIAN_POINT('',(3.,1.1,7.));
#671 = CIRCLE('',#672,1.9);
#672 = AXIS2_PLACEMENT_3D('',#673,#674,#675);
#673 = CARTESIAN_POINT('',(3.,3.,7.));
#674 = DIRECTION('',(0.,0.,-1.));
#675 = DIRECTION('',(1.,0.,0.));
#676 = ORIENTED_EDGE('',*,*,#677,.T.);
#677 = EDGE_CURVE('',#669,#678,#680,.T.);
#678 = VERTEX_POINT('',#679);
#679 = CARTESIAN_POINT('',(8.5,1.1,7.));
#680 = LINE('',#681,#682);
#681 = CARTESIAN_POINT('',(9.,1.1,7.));
#682 = VECTOR('',#683,1.);
#683 = DIRECTION('',(1.,0.,0.));
#684 = ORIENTED_EDGE('',*,*,#685,.T.);
#685 = EDGE_CURVE('',#678,#686,#688,.T.);
#686 = VERTEX_POINT('',#687);
#687 = CARTESIAN_POINT('',(8.5,0.,7.));
#688 = LINE('',#689,#690);
#689 = CARTESIAN_POINT('',(8.5,7.,7.));
#690 = VECTOR('',#691,1.);
#691 = DIRECTION('',(0.,-1.,0.));
#692 = ORIENTED_EDGE('',*,*,#693,.F.);
#693 = EDGE_CURVE('',#379,#686,#694,.T.);
#694 = LINE('',#695,#696);
#695 = CARTESIAN_POINT('',(3.,0.,7.));
#696 = VECTOR('',#697,1.);
#697 = DIRECTION('',(1.,0.,0.));
#698 = PLANE('',#699);
#699 = AXIS2_PLACEMENT_3D('',#700,#701,#702);
#700 = CARTESIAN_POINT('',(15.,15.,7.));
#701 = DIRECTION('',(-0.,-0.,-1.));
#702 = DIRECTION('',(-1.,0.,0.));
#703 = ADVANCED_FACE('',(#704),#740,.F.);
#704 = FACE_BOUND('',#705,.T.);
#705 = EDGE_LOOP('',(#706,#715,#716,#717,#725,#734));
#706 = ORIENTED_EDGE('',*,*,#707,.F.);
#707 = EDGE_CURVE('',#232,#708,#710,.T.);
#708 = VERTEX_POINT('',#709);
#709 = CARTESIAN_POINT('',(7.819637379486,27.7,7.02));
#710 = CIRCLE('',#711,2.65);
#711 = AXIS2_PLACEMENT_3D('',#712,#713,#714);
#712 = CARTESIAN_POINT('',(5.2,27.3,7.02));
#713 = DIRECTION('',(0.,0.,-1.));
#714 = DIRECTION('',(1.,0.,0.));
#715 = ORIENTED_EDGE('',*,*,#239,.T.);
#716 = ORIENTED_EDGE('',*,*,#585,.F.);
#717 = ORIENTED_EDGE('',*,*,#718,.T.);
#718 = EDGE_CURVE('',#578,#719,#721,.T.);
#719 = VERTEX_POINT('',#720);
#720 = CARTESIAN_POINT('',(7.312463017428,28.9,5.4));
#721 = LINE('',#722,#723);
#722 = CARTESIAN_POINT('',(7.312463017428,28.9,5.3));
#723 = VECTOR('',#724,1.);
#724 = DIRECTION('',(-0.,-0.,-1.));
#725 = ORIENTED_EDGE('',*,*,#726,.T.);
#726 = EDGE_CURVE('',#719,#727,#729,.T.);
#727 = VERTEX_POINT('',#728);
#728 = CARTESIAN_POINT('',(7.819637379486,27.7,5.4));
#729 = CIRCLE('',#730,2.65);
#730 = AXIS2_PLACEMENT_3D('',#731,#732,#733);
#731 = CARTESIAN_POINT('',(5.2,27.3,5.4));
#732 = DIRECTION('',(0.,0.,-1.));
#733 = DIRECTION('',(1.,0.,0.));
#734 = ORIENTED_EDGE('',*,*,#735,.F.);
#735 = EDGE_CURVE('',#708,#727,#736,.T.);
#736 = LINE('',#737,#738);
#737 = CARTESIAN_POINT('',(7.819637379486,27.7,5.3));
#738 = VECTOR('',#739,1.);
#739 = DIRECTION('',(-0.,-0.,-1.));
#740 = CYLINDRICAL_SURFACE('',#741,2.65);
#741 = AXIS2_PLACEMENT_3D('',#742,#743,#744);
#742 = CARTESIAN_POINT('',(5.2,27.3,5.3));
#743 = DIRECTION('',(-0.,-0.,-1.));
#744 = DIRECTION('',(1.,0.,0.));
#745 = ADVANCED_FACE('',(#746),#764,.T.);
#746 = FACE_BOUND('',#747,.T.);
#747 = EDGE_LOOP('',(#748,#749,#750,#758));
#748 = ORIENTED_EDGE('',*,*,#231,.F.);
#749 = ORIENTED_EDGE('',*,*,#707,.T.);
#750 = ORIENTED_EDGE('',*,*,#751,.F.);
#751 = EDGE_CURVE('',#752,#708,#754,.T.);
#752 = VERTEX_POINT('',#753);
#753 = CARTESIAN_POINT('',(10.5,27.7,7.02));
#754 = LINE('',#755,#756);
#755 = CARTESIAN_POINT('',(9.,27.7,7.02));
#756 = VECTOR('',#757,1.);
#757 = DIRECTION('',(-1.,0.,0.));
#758 = ORIENTED_EDGE('',*,*,#759,.T.);
#759 = EDGE_CURVE('',#752,#224,#760,.T.);
#760 = LINE('',#761,#762);
#761 = CARTESIAN_POINT('',(10.5,20.5,7.02));
#762 = VECTOR('',#763,1.);
#763 = DIRECTION('',(0.,1.,0.));
#764 = PLANE('',#765);
#765 = AXIS2_PLACEMENT_3D('',#766,#767,#768);
#766 = CARTESIAN_POINT('',(15.,15.,7.02));
#767 = DIRECTION('',(0.,0.,1.));
#768 = DIRECTION('',(1.,0.,0.));
#769 = ADVANCED_FACE('',(#770),#797,.T.);
#770 = FACE_BOUND('',#771,.T.);
#771 = EDGE_LOOP('',(#772,#773,#781,#789,#795,#796));
#772 = ORIENTED_EDGE('',*,*,#759,.F.);
#773 = ORIENTED_EDGE('',*,*,#774,.T.);
#774 = EDGE_CURVE('',#752,#775,#777,.T.);
#775 = VERTEX_POINT('',#776);
#776 = CARTESIAN_POINT('',(10.5,27.7,5.4));
#777 = LINE('',#778,#779);
#778 = CARTESIAN_POINT('',(10.5,27.7,5.345));
#779 = VECTOR('',#780,1.);
#780 = DIRECTION('',(0.,0.,-1.));
#781 = ORIENTED_EDGE('',*,*,#782,.F.);
#782 = EDGE_CURVE('',#783,#775,#785,.T.);
#783 = VERTEX_POINT('',#784);
#784 = CARTESIAN_POINT('',(10.5,28.9,5.4));
#785 = LINE('',#786,#787);
#786 = CARTESIAN_POINT('',(10.5,20.5,5.4));
#787 = VECTOR('',#788,1.);
#788 = DIRECTION('',(0.,-1.,0.));
#789 = ORIENTED_EDGE('',*,*,#790,.F.);
#790 = EDGE_CURVE('',#570,#783,#791,.T.);
#791 = LINE('',#792,#793);
#792 = CARTESIAN_POINT('',(10.5,28.9,5.35));
#793 = VECTOR('',#794,1.);
#794 = DIRECTION('',(0.,0.,-1.));
#795 = ORIENTED_EDGE('',*,*,#569,.T.);
#796 = ORIENTED_EDGE('',*,*,#223,.F.);
#797 = PLANE('',#798);
#798 = AXIS2_PLACEMENT_3D('',#799,#800,#801);
#799 = CARTESIAN_POINT('',(10.5,26.,5.3));
#800 = DIRECTION('',(1.,0.,0.));
#801 = DIRECTION('',(0.,0.,1.));
#802 = ADVANCED_FACE('',(#803),#837,.F.);
#803 = FACE_BOUND('',#804,.F.);
#804 = EDGE_LOOP('',(#805,#813,#821,#829,#835,#836));
#805 = ORIENTED_EDGE('',*,*,#806,.F.);
#806 = EDGE_CURVE('',#807,#200,#809,.T.);
#807 = VERTEX_POINT('',#808);
#808 = CARTESIAN_POINT('',(19.5,27.7,7.02));
#809 = LINE('',#810,#811);
#810 = CARTESIAN_POINT('',(19.5,20.5,7.02));
#811 = VECTOR('',#812,1.);
#812 = DIRECTION('',(0.,1.,0.));
#813 = ORIENTED_EDGE('',*,*,#814,.T.);
#814 = EDGE_CURVE('',#807,#815,#817,.T.);
#815 = VERTEX_POINT('',#816);
#816 = CARTESIAN_POINT('',(19.5,27.7,5.4));
#817 = LINE('',#818,#819);
#818 = CARTESIAN_POINT('',(19.5,27.7,5.345));
#819 = VECTOR('',#820,1.);
#820 = DIRECTION('',(0.,0.,-1.));
#821 = ORIENTED_EDGE('',*,*,#822,.F.);
#822 = EDGE_CURVE('',#823,#815,#825,.T.);
#823 = VERTEX_POINT('',#824);
#824 = CARTESIAN_POINT('',(19.5,28.9,5.4));
#825 = LINE('',#826,#827);
#826 = CARTESIAN_POINT('',(19.5,20.5,5.4));
#827 = VECTOR('',#828,1.);
#828 = DIRECTION('',(0.,-1.,0.));
#829 = ORIENTED_EDGE('',*,*,#830,.F.);
#830 = EDGE_CURVE('',#555,#823,#831,.T.);
#831 = LINE('',#832,#833);
#832 = CARTESIAN_POINT('',(19.5,28.9,5.35));
#833 = VECTOR('',#834,1.);
#834 = DIRECTION('',(0.,0.,-1.));
#835 = ORIENTED_EDGE('',*,*,#562,.T.);
#836 = ORIENTED_EDGE('',*,*,#207,.F.);
#837 = PLANE('',#838);
#838 = AXIS2_PLACEMENT_3D('',#839,#840,#841);
#839 = CARTESIAN_POINT('',(19.5,26.,5.3));
#840 = DIRECTION('',(1.,0.,0.));
#841 = DIRECTION('',(0.,0.,1.));
#842 = ADVANCED_FACE('',(#843),#862,.T.);
#843 = FACE_BOUND('',#844,.T.);
#844 = EDGE_LOOP('',(#845,#846,#847,#855));
#845 = ORIENTED_EDGE('',*,*,#199,.F.);
#846 = ORIENTED_EDGE('',*,*,#806,.F.);
#847 = ORIENTED_EDGE('',*,*,#848,.F.);
#848 = EDGE_CURVE('',#849,#807,#851,.T.);
#849 = VERTEX_POINT('',#850);
#850 = CARTESIAN_POINT('',(22.180362620514,27.7,7.02));
#851 = LINE('',#852,#853);
#852 = CARTESIAN_POINT('',(9.,27.7,7.02));
#853 = VECTOR('',#854,1.);
#854 = DIRECTION('',(-1.,0.,0.));
#855 = ORIENTED_EDGE('',*,*,#856,.T.);
#856 = EDGE_CURVE('',#849,#192,#857,.T.);
#857 = CIRCLE('',#858,2.65);
#858 = AXIS2_PLACEMENT_3D('',#859,#860,#861);
#859 = CARTESIAN_POINT('',(24.8,27.3,7.02));
#860 = DIRECTION('',(0.,0.,-1.));
#861 = DIRECTION('',(1.,0.,0.));
#862 = PLANE('',#863);
#863 = AXIS2_PLACEMENT_3D('',#864,#865,#866);
#864 = CARTESIAN_POINT('',(15.,15.,7.02));
#865 = DIRECTION('',(0.,0.,1.));
#866 = DIRECTION('',(1.,0.,0.));
#867 = ADVANCED_FACE('',(#868),#896,.F.);
#868 = FACE_BOUND('',#869,.T.);
#869 = EDGE_LOOP('',(#870,#871,#879,#888,#894,#895));
#870 = ORIENTED_EDGE('',*,*,#856,.F.);
#871 = ORIENTED_EDGE('',*,*,#872,.T.);
#872 = EDGE_CURVE('',#849,#873,#875,.T.);
#873 = VERTEX_POINT('',#874);
#874 = CARTESIAN_POINT('',(22.180362620514,27.7,5.4));
#875 = LINE('',#876,#877);
#876 = CARTESIAN_POINT('',(22.180362620514,27.7,5.3));
#877 = VECTOR('',#878,1.);
#878 = DIRECTION('',(-0.,-0.,-1.));
#879 = ORIENTED_EDGE('',*,*,#880,.T.);
#880 = EDGE_CURVE('',#873,#881,#883,.T.);
#881 = VERTEX_POINT('',#882);
#882 = CARTESIAN_POINT('',(22.687536982572,28.9,5.4));
#883 = CIRCLE('',#884,2.65);
#884 = AXIS2_PLACEMENT_3D('',#885,#886,#887);
#885 = CARTESIAN_POINT('',(24.8,27.3,5.4));
#886 = DIRECTION('',(0.,0.,-1.));
#887 = DIRECTION('',(1.,0.,0.));
#888 = ORIENTED_EDGE('',*,*,#889,.F.);
#889 = EDGE_CURVE('',#546,#881,#890,.T.);
#890 = LINE('',#891,#892);
#891 = CARTESIAN_POINT('',(22.687536982572,28.9,5.3));
#892 = VECTOR('',#893,1.);
#893 = DIRECTION('',(-0.,-0.,-1.));
#894 = ORIENTED_EDGE('',*,*,#545,.F.);
#895 = ORIENTED_EDGE('',*,*,#191,.F.);
#896 = CYLINDRICAL_SURFACE('',#897,2.65);
#897 = AXIS2_PLACEMENT_3D('',#898,#899,#900);
#898 = CARTESIAN_POINT('',(24.8,27.3,5.3));
#899 = DIRECTION('',(-0.,-0.,-1.));
#900 = DIRECTION('',(1.,0.,0.));
#901 = ADVANCED_FACE('',(#902),#930,.F.);
#902 = FACE_BOUND('',#903,.T.);
#903 = EDGE_LOOP('',(#904,#905,#906,#914,#923,#929));
#904 = ORIENTED_EDGE('',*,*,#175,.F.);
#905 = ORIENTED_EDGE('',*,*,#537,.T.);
#906 = ORIENTED_EDGE('',*,*,#907,.F.);
#907 = EDGE_CURVE('',#908,#529,#910,.T.);
#908 = VERTEX_POINT('',#909);
#909 = CARTESIAN_POINT('',(27.167471157328,28.490621820404,7.02));
#910 = LINE('',#911,#912);
#911 = CARTESIAN_POINT('',(27.167471157328,28.490621820404,6.99));
#912 = VECTOR('',#913,1.);
#913 = DIRECTION('',(-0.,-0.,-1.));
#914 = ORIENTED_EDGE('',*,*,#915,.T.);
#915 = EDGE_CURVE('',#908,#916,#918,.T.);
#916 = VERTEX_POINT('',#917);
#917 = CARTESIAN_POINT('',(28.5,27.,7.02));
#918 = CIRCLE('',#919,1.5);
#919 = AXIS2_PLACEMENT_3D('',#920,#921,#922);
#920 = CARTESIAN_POINT('',(27.,27.,7.02));
#921 = DIRECTION('',(0.,0.,-1.));
#922 = DIRECTION('',(1.,0.,0.));
#923 = ORIENTED_EDGE('',*,*,#924,.T.);
#924 = EDGE_CURVE('',#916,#315,#925,.T.);
#925 = LINE('',#926,#927);
#926 = CARTESIAN_POINT('',(28.5,27.,6.99));
#927 = VECTOR('',#928,1.);
#928 = DIRECTION('',(0.,0.,1.));
#929 = ORIENTED_EDGE('',*,*,#322,.T.);
#930 = CYLINDRICAL_SURFACE('',#931,1.5);
#931 = AXIS2_PLACEMENT_3D('',#932,#933,#934);
#932 = CARTESIAN_POINT('',(27.,27.,6.99));
#933 = DIRECTION('',(-0.,-0.,-1.));
#934 = DIRECTION('',(1.,0.,0.));
#935 = ADVANCED_FACE('',(#936),#958,.T.);
#936 = FACE_BOUND('',#937,.F.);
#937 = EDGE_LOOP('',(#938,#939,#940,#941,#942,#951));
#938 = ORIENTED_EDGE('',*,*,#143,.F.);
#939 = ORIENTED_EDGE('',*,*,#339,.F.);
#940 = ORIENTED_EDGE('',*,*,#330,.F.);
#941 = ORIENTED_EDGE('',*,*,#159,.T.);
#942 = ORIENTED_EDGE('',*,*,#943,.F.);
#943 = EDGE_CURVE('',#944,#152,#946,.T.);
#944 = VERTEX_POINT('',#945);
#945 = CARTESIAN_POINT('',(27.2,27.3,8.6));
#946 = CIRCLE('',#947,2.4);
#947 = AXIS2_PLACEMENT_3D('',#948,#949,#950);
#948 = CARTESIAN_POINT('',(24.8,27.3,8.6));
#949 = DIRECTION('',(0.,0.,1.));
#950 = DIRECTION('',(1.,0.,0.));
#951 = ORIENTED_EDGE('',*,*,#952,.F.);
#952 = EDGE_CURVE('',#144,#944,#953,.T.);
#953 = CIRCLE('',#954,2.4);
#954 = AXIS2_PLACEMENT_3D('',#955,#956,#957);
#955 = CARTESIAN_POINT('',(24.8,27.3,8.6));
#956 = DIRECTION('',(0.,0.,1.));
#957 = DIRECTION('',(1.,0.,0.));
#958 = CYLINDRICAL_SURFACE('',#959,2.4);
#959 = AXIS2_PLACEMENT_3D('',#960,#961,#962);
#960 = CARTESIAN_POINT('',(24.8,27.3,8.6));
#961 = DIRECTION('',(-0.,-0.,-1.));
#962 = DIRECTION('',(1.,0.,0.));
#963 = ADVANCED_FACE('',(#964,#969),#980,.F.);
#964 = FACE_BOUND('',#965,.F.);
#965 = EDGE_LOOP('',(#966,#967,#968));
#966 = ORIENTED_EDGE('',*,*,#952,.T.);
#967 = ORIENTED_EDGE('',*,*,#943,.T.);
#968 = ORIENTED_EDGE('',*,*,#151,.F.);
#969 = FACE_BOUND('',#970,.F.);
#970 = EDGE_LOOP('',(#971));
#971 = ORIENTED_EDGE('',*,*,#972,.T.);
#972 = EDGE_CURVE('',#973,#973,#975,.T.);
#973 = VERTEX_POINT('',#974);
#974 = CARTESIAN_POINT('',(25.65,27.3,8.6));
#975 = CIRCLE('',#976,0.85);
#976 = AXIS2_PLACEMENT_3D('',#977,#978,#979);
#977 = CARTESIAN_POINT('',(24.8,27.3,8.6));
#978 = DIRECTION('',(0.,0.,-1.));
#979 = DIRECTION('',(1.,0.,0.));
#980 = PLANE('',#981);
#981 = AXIS2_PLACEMENT_3D('',#982,#983,#984);
#982 = CARTESIAN_POINT('',(24.8,27.3,8.6));
#983 = DIRECTION('',(0.,0.,1.));
#984 = DIRECTION('',(1.,0.,0.));
#985 = ADVANCED_FACE('',(#986),#1014,.F.);
#986 = FACE_BOUND('',#987,.T.);
#987 = EDGE_LOOP('',(#988,#996,#997,#998,#999,#1007));
#988 = ORIENTED_EDGE('',*,*,#989,.T.);
#989 = EDGE_CURVE('',#990,#594,#992,.T.);
#990 = VERTEX_POINT('',#991);
#991 = CARTESIAN_POINT('',(2.832528842672,28.490621820404,7.02));
#992 = LINE('',#993,#994);
#993 = CARTESIAN_POINT('',(2.832528842672,28.490621820404,6.99));
#994 = VECTOR('',#995,1.);
#995 = DIRECTION('',(-0.,-0.,-1.));
#996 = ORIENTED_EDGE('',*,*,#593,.T.);
#997 = ORIENTED_EDGE('',*,*,#118,.T.);
#998 = ORIENTED_EDGE('',*,*,#350,.T.);
#999 = ORIENTED_EDGE('',*,*,#1000,.F.);
#1000 = EDGE_CURVE('',#1001,#281,#1003,.T.);
#1001 = VERTEX_POINT('',#1002);
#1002 = CARTESIAN_POINT('',(1.5,27.,7.02));
#1003 = LINE('',#1004,#1005);
#1004 = CARTESIAN_POINT('',(1.5,27.,6.99));
#1005 = VECTOR('',#1006,1.);
#1006 = DIRECTION('',(0.,0.,1.));
#1007 = ORIENTED_EDGE('',*,*,#1008,.T.);
#1008 = EDGE_CURVE('',#1001,#990,#1009,.T.);
#1009 = CIRCLE('',#1010,1.5);
#1010 = AXIS2_PLACEMENT_3D('',#1011,#1012,#1013);
#1011 = CARTESIAN_POINT('',(3.,27.,7.02));
#1012 = DIRECTION('',(0.,0.,-1.));
#1013 = DIRECTION('',(1.,0.,0.));
#1014 = CYLINDRICAL_SURFACE('',#1015,1.5);
#1015 = AXIS2_PLACEMENT_3D('',#1016,#1017,#1018);
#1016 = CARTESIAN_POINT('',(3.,27.,6.99));
#1017 = DIRECTION('',(-0.,-0.,-1.));
#1018 = DIRECTION('',(1.,0.,0.));
#1019 = ADVANCED_FACE('',(#1020),#1023,.F.);
#1020 = FACE_BOUND('',#1021,.T.);
#1021 = EDGE_LOOP('',(#1022));
#1022 = ORIENTED_EDGE('',*,*,#262,.F.);
#1023 = PLANE('',#1024);
#1024 = AXIS2_PLACEMENT_3D('',#1025,#1026,#1027);
#1025 = CARTESIAN_POINT('',(5.2,27.3,13.2));
#1026 = DIRECTION('',(0.,0.,1.));
#1027 = DIRECTION('',(1.,0.,0.));
#1028 = ADVANCED_FACE('',(#1029),#1134,.T.);
#1029 = FACE_BOUND('',#1030,.T.);
#1030 = EDGE_LOOP('',(#1031,#1039,#1047,#1055,#1063,#1071,#1079,#1085,
    #1086,#1094,#1102,#1110,#1118,#1126,#1132,#1133));
#1031 = ORIENTED_EDGE('',*,*,#1032,.F.);
#1032 = EDGE_CURVE('',#1033,#279,#1035,.T.);
#1033 = VERTEX_POINT('',#1034);
#1034 = CARTESIAN_POINT('',(1.5,3.,7.02));
#1035 = LINE('',#1036,#1037);
#1036 = CARTESIAN_POINT('',(1.5,3.,6.99));
#1037 = VECTOR('',#1038,1.);
#1038 = DIRECTION('',(0.,0.,1.));
#1039 = ORIENTED_EDGE('',*,*,#1040,.F.);
#1040 = EDGE_CURVE('',#1041,#1033,#1043,.T.);
#1041 = VERTEX_POINT('',#1042);
#1042 = CARTESIAN_POINT('',(1.5,6.,7.02));
#1043 = LINE('',#1044,#1045);
#1044 = CARTESIAN_POINT('',(1.5,9.,7.02));
#1045 = VECTOR('',#1046,1.);
#1046 = DIRECTION('',(0.,-1.,0.));
#1047 = ORIENTED_EDGE('',*,*,#1048,.T.);
#1048 = EDGE_CURVE('',#1041,#1049,#1051,.T.);
#1049 = VERTEX_POINT('',#1050);
#1050 = CARTESIAN_POINT('',(1.5,6.,9.));
#1051 = LINE('',#1052,#1053);
#1052 = CARTESIAN_POINT('',(1.5,6.,7.));
#1053 = VECTOR('',#1054,1.);
#1054 = DIRECTION('',(0.,0.,1.));
#1055 = ORIENTED_EDGE('',*,*,#1056,.T.);
#1056 = EDGE_CURVE('',#1049,#1057,#1059,.T.);
#1057 = VERTEX_POINT('',#1058);
#1058 = CARTESIAN_POINT('',(1.5,9.,9.));
#1059 = LINE('',#1060,#1061);
#1060 = CARTESIAN_POINT('',(1.5,6.,9.));
#1061 = VECTOR('',#1062,1.);
#1062 = DIRECTION('',(0.,1.,0.));
#1063 = ORIENTED_EDGE('',*,*,#1064,.F.);
#1064 = EDGE_CURVE('',#1065,#1057,#1067,.T.);
#1065 = VERTEX_POINT('',#1066);
#1066 = CARTESIAN_POINT('',(1.5,9.,7.02));
#1067 = LINE('',#1068,#1069);
#1068 = CARTESIAN_POINT('',(1.5,9.,7.));
#1069 = VECTOR('',#1070,1.);
#1070 = DIRECTION('',(0.,0.,1.));
#1071 = ORIENTED_EDGE('',*,*,#1072,.F.);
#1072 = EDGE_CURVE('',#1073,#1065,#1075,.T.);
#1073 = VERTEX_POINT('',#1074);
#1074 = CARTESIAN_POINT('',(1.5,10.5,7.02));
#1075 = LINE('',#1076,#1077);
#1076 = CARTESIAN_POINT('',(1.5,9.,7.02));
#1077 = VECTOR('',#1078,1.);
#1078 = DIRECTION('',(0.,-1.,0.));
#1079 = ORIENTED_EDGE('',*,*,#1080,.F.);
#1080 = EDGE_CURVE('',#645,#1073,#1081,.T.);
#1081 = LINE('',#1082,#1083);
#1082 = CARTESIAN_POINT('',(1.5,10.5,6.145));
#1083 = VECTOR('',#1084,1.);
#1084 = DIRECTION('',(0.,0.,1.));
#1085 = ORIENTED_EDGE('',*,*,#644,.F.);
#1086 = ORIENTED_EDGE('',*,*,#1087,.T.);
#1087 = EDGE_CURVE('',#637,#1088,#1090,.T.);
#1088 = VERTEX_POINT('',#1089);
#1089 = CARTESIAN_POINT('',(1.5,19.5,7.02));
#1090 = LINE('',#1091,#1092);
#1091 = CARTESIAN_POINT('',(1.5,19.5,6.145));
#1092 = VECTOR('',#1093,1.);
#1093 = DIRECTION('',(0.,0.,1.));
#1094 = ORIENTED_EDGE('',*,*,#1095,.F.);
#1095 = EDGE_CURVE('',#1096,#1088,#1098,.T.);
#1096 = VERTEX_POINT('',#1097);
#1097 = CARTESIAN_POINT('',(1.5,21.,7.02));
#1098 = LINE('',#1099,#1100);
#1099 = CARTESIAN_POINT('',(1.5,9.,7.02));
#1100 = VECTOR('',#1101,1.);
#1101 = DIRECTION('',(0.,-1.,0.));
#1102 = ORIENTED_EDGE('',*,*,#1103,.T.);
#1103 = EDGE_CURVE('',#1096,#1104,#1106,.T.);
#1104 = VERTEX_POINT('',#1105);
#1105 = CARTESIAN_POINT('',(1.5,21.,9.));
#1106 = LINE('',#1107,#1108);
#1107 = CARTESIAN_POINT('',(1.5,21.,7.));
#1108 = VECTOR('',#1109,1.);
#1109 = DIRECTION('',(0.,0.,1.));
#1110 = ORIENTED_EDGE('',*,*,#1111,.T.);
#1111 = EDGE_CURVE('',#1104,#1112,#1114,.T.);
#1112 = VERTEX_POINT('',#1113);
#1113 = CARTESIAN_POINT('',(1.5,24.,9.));
#1114 = LINE('',#1115,#1116);
#1115 = CARTESIAN_POINT('',(1.5,21.,9.));
#1116 = VECTOR('',#1117,1.);
#1117 = DIRECTION('',(0.,1.,0.));
#1118 = ORIENTED_EDGE('',*,*,#1119,.F.);
#1119 = EDGE_CURVE('',#1120,#1112,#1122,.T.);
#1120 = VERTEX_POINT('',#1121);
#1121 = CARTESIAN_POINT('',(1.5,24.,7.02));
#1122 = LINE('',#1123,#1124);
#1123 = CARTESIAN_POINT('',(1.5,24.,7.));
#1124 = VECTOR('',#1125,1.);
#1125 = DIRECTION('',(0.,0.,1.));
#1126 = ORIENTED_EDGE('',*,*,#1127,.F.);
#1127 = EDGE_CURVE('',#1001,#1120,#1128,.T.);
#1128 = LINE('',#1129,#1130);
#1129 = CARTESIAN_POINT('',(1.5,9.,7.02));
#1130 = VECTOR('',#1131,1.);
#1131 = DIRECTION('',(0.,-1.,0.));
#1132 = ORIENTED_EDGE('',*,*,#1000,.T.);
#1133 = ORIENTED_EDGE('',*,*,#278,.F.);
#1134 = PLANE('',#1135);
#1135 = AXIS2_PLACEMENT_3D('',#1136,#1137,#1138);
#1136 = CARTESIAN_POINT('',(1.5,3.,6.99));
#1137 = DIRECTION('',(1.,0.,0.));
#1138 = DIRECTION('',(0.,0.,1.));
#1139 = ADVANCED_FACE('',(#1140),#1159,.F.);
#1140 = FACE_BOUND('',#1141,.T.);
#1141 = EDGE_LOOP('',(#1142,#1150,#1157,#1158));
#1142 = ORIENTED_EDGE('',*,*,#1143,.F.);
#1143 = EDGE_CURVE('',#1144,#289,#1146,.T.);
#1144 = VERTEX_POINT('',#1145);
#1145 = CARTESIAN_POINT('',(3.,1.5,7.02));
#1146 = LINE('',#1147,#1148);
#1147 = CARTESIAN_POINT('',(3.,1.5,6.99));
#1148 = VECTOR('',#1149,1.);
#1149 = DIRECTION('',(0.,0.,1.));
#1150 = ORIENTED_EDGE('',*,*,#1151,.T.);
#1151 = EDGE_CURVE('',#1144,#1033,#1152,.T.);
#1152 = CIRCLE('',#1153,1.5);
#1153 = AXIS2_PLACEMENT_3D('',#1154,#1155,#1156);
#1154 = CARTESIAN_POINT('',(3.,3.,7.02));
#1155 = DIRECTION('',(0.,0.,-1.));
#1156 = DIRECTION('',(1.,0.,0.));
#1157 = ORIENTED_EDGE('',*,*,#1032,.T.);
#1158 = ORIENTED_EDGE('',*,*,#288,.T.);
#1159 = CYLINDRICAL_SURFACE('',#1160,1.5);
#1160 = AXIS2_PLACEMENT_3D('',#1161,#1162,#1163);
#1161 = CARTESIAN_POINT('',(3.,3.,6.99));
#1162 = DIRECTION('',(-0.,-0.,-1.));
#1163 = DIRECTION('',(1.,0.,0.));
#1164 = ADVANCED_FACE('',(#1165),#1279,.T.);
#1165 = FACE_BOUND('',#1166,.T.);
#1166 = EDGE_LOOP('',(#1167,#1175,#1176,#1177,#1185,#1193,#1201,#1209,
    #1217,#1225,#1233,#1241,#1249,#1257,#1265,#1273));
#1167 = ORIENTED_EDGE('',*,*,#1168,.F.);
#1168 = EDGE_CURVE('',#1144,#1169,#1171,.T.);
#1169 = VERTEX_POINT('',#1170);
#1170 = CARTESIAN_POINT('',(3.3,1.5,7.02));
#1171 = LINE('',#1172,#1173);
#1172 = CARTESIAN_POINT('',(9.,1.5,7.02));
#1173 = VECTOR('',#1174,1.);
#1174 = DIRECTION('',(1.,0.,0.));
#1175 = ORIENTED_EDGE('',*,*,#1143,.T.);
#1176 = ORIENTED_EDGE('',*,*,#297,.T.);
#1177 = ORIENTED_EDGE('',*,*,#1178,.F.);
#1178 = EDGE_CURVE('',#1179,#298,#1181,.T.);
#1179 = VERTEX_POINT('',#1180);
#1180 = CARTESIAN_POINT('',(27.,1.5,7.02));
#1181 = LINE('',#1182,#1183);
#1182 = CARTESIAN_POINT('',(27.,1.5,6.99));
#1183 = VECTOR('',#1184,1.);
#1184 = DIRECTION('',(0.,0.,1.));
#1185 = ORIENTED_EDGE('',*,*,#1186,.F.);
#1186 = EDGE_CURVE('',#1187,#1179,#1189,.T.);
#1187 = VERTEX_POINT('',#1188);
#1188 = CARTESIAN_POINT('',(26.7,1.5,7.02));
#1189 = LINE('',#1190,#1191);
#1190 = CARTESIAN_POINT('',(9.,1.5,7.02));
#1191 = VECTOR('',#1192,1.);
#1192 = DIRECTION('',(1.,0.,0.));
#1193 = ORIENTED_EDGE('',*,*,#1194,.T.);
#1194 = EDGE_CURVE('',#1187,#1195,#1197,.T.);
#1195 = VERTEX_POINT('',#1196);
#1196 = CARTESIAN_POINT('',(26.7,1.5,8.6));
#1197 = LINE('',#1198,#1199);
#1198 = CARTESIAN_POINT('',(26.7,1.5,7.));
#1199 = VECTOR('',#1200,1.);
#1200 = DIRECTION('',(0.,0.,1.));
#1201 = ORIENTED_EDGE('',*,*,#1202,.F.);
#1202 = EDGE_CURVE('',#1203,#1195,#1205,.T.);
#1203 = VERTEX_POINT('',#1204);
#1204 = CARTESIAN_POINT('',(22.4,1.5,8.6));
#1205 = LINE('',#1206,#1207);
#1206 = CARTESIAN_POINT('',(22.4,1.5,8.6));
#1207 = VECTOR('',#1208,1.);
#1208 = DIRECTION('',(1.,0.,0.));
#1209 = ORIENTED_EDGE('',*,*,#1210,.F.);
#1210 = EDGE_CURVE('',#1211,#1203,#1213,.T.);
#1211 = VERTEX_POINT('',#1212);
#1212 = CARTESIAN_POINT('',(22.4,1.5,7.02));
#1213 = LINE('',#1214,#1215);
#1214 = CARTESIAN_POINT('',(22.4,1.5,7.));
#1215 = VECTOR('',#1216,1.);
#1216 = DIRECTION('',(0.,0.,1.));
#1217 = ORIENTED_EDGE('',*,*,#1218,.F.);
#1218 = EDGE_CURVE('',#1219,#1211,#1221,.T.);
#1219 = VERTEX_POINT('',#1220);
#1220 = CARTESIAN_POINT('',(21.5,1.5,7.02));
#1221 = LINE('',#1222,#1223);
#1222 = CARTESIAN_POINT('',(9.,1.5,7.02));
#1223 = VECTOR('',#1224,1.);
#1224 = DIRECTION('',(1.,0.,0.));
#1225 = ORIENTED_EDGE('',*,*,#1226,.F.);
#1226 = EDGE_CURVE('',#1227,#1219,#1229,.T.);
#1227 = VERTEX_POINT('',#1228);
#1228 = CARTESIAN_POINT('',(21.5,1.5,8.66));
#1229 = LINE('',#1230,#1231);
#1230 = CARTESIAN_POINT('',(21.5,1.5,4.425));
#1231 = VECTOR('',#1232,1.);
#1232 = DIRECTION('',(0.,0.,-1.));
#1233 = ORIENTED_EDGE('',*,*,#1234,.F.);
#1234 = EDGE_CURVE('',#1235,#1227,#1237,.T.);
#1235 = VERTEX_POINT('',#1236);
#1236 = CARTESIAN_POINT('',(8.5,1.5,8.66));
#1237 = LINE('',#1238,#1239);
#1238 = CARTESIAN_POINT('',(5.75,1.5,8.66));
#1239 = VECTOR('',#1240,1.);
#1240 = DIRECTION('',(1.,0.,0.));
#1241 = ORIENTED_EDGE('',*,*,#1242,.T.);
#1242 = EDGE_CURVE('',#1235,#1243,#1245,.T.);
#1243 = VERTEX_POINT('',#1244);
#1244 = CARTESIAN_POINT('',(8.5,1.5,7.02));
#1245 = LINE('',#1246,#1247);
#1246 = CARTESIAN_POINT('',(8.5,1.5,4.425));
#1247 = VECTOR('',#1248,1.);
#1248 = DIRECTION('',(0.,0.,-1.));
#1249 = ORIENTED_EDGE('',*,*,#1250,.F.);
#1250 = EDGE_CURVE('',#1251,#1243,#1253,.T.);
#1251 = VERTEX_POINT('',#1252);
#1252 = CARTESIAN_POINT('',(7.6,1.5,7.02));
#1253 = LINE('',#1254,#1255);
#1254 = CARTESIAN_POINT('',(9.,1.5,7.02));
#1255 = VECTOR('',#1256,1.);
#1256 = DIRECTION('',(1.,0.,0.));
#1257 = ORIENTED_EDGE('',*,*,#1258,.T.);
#1258 = EDGE_CURVE('',#1251,#1259,#1261,.T.);
#1259 = VERTEX_POINT('',#1260);
#1260 = CARTESIAN_POINT('',(7.6,1.5,8.6));
#1261 = LINE('',#1262,#1263);
#1262 = CARTESIAN_POINT('',(7.6,1.5,7.));
#1263 = VECTOR('',#1264,1.);
#1264 = DIRECTION('',(0.,0.,1.));
#1265 = ORIENTED_EDGE('',*,*,#1266,.F.);
#1266 = EDGE_CURVE('',#1267,#1259,#1269,.T.);
#1267 = VERTEX_POINT('',#1268);
#1268 = CARTESIAN_POINT('',(3.3,1.5,8.6));
#1269 = LINE('',#1270,#1271);
#1270 = CARTESIAN_POINT('',(3.3,1.5,8.6));
#1271 = VECTOR('',#1272,1.);
#1272 = DIRECTION('',(1.,0.,0.));
#1273 = ORIENTED_EDGE('',*,*,#1274,.F.);
#1274 = EDGE_CURVE('',#1169,#1267,#1275,.T.);
#1275 = LINE('',#1276,#1277);
#1276 = CARTESIAN_POINT('',(3.3,1.5,7.));
#1277 = VECTOR('',#1278,1.);
#1278 = DIRECTION('',(0.,0.,1.));
#1279 = PLANE('',#1280);
#1280 = AXIS2_PLACEMENT_3D('',#1281,#1282,#1283);
#1281 = CARTESIAN_POINT('',(3.,1.5,6.99));
#1282 = DIRECTION('',(0.,1.,0.));
#1283 = DIRECTION('',(0.,0.,1.));
#1284 = ADVANCED_FACE('',(#1285),#1304,.F.);
#1285 = FACE_BOUND('',#1286,.T.);
#1286 = EDGE_LOOP('',(#1287,#1288,#1289,#1297));
#1287 = ORIENTED_EDGE('',*,*,#1178,.T.);
#1288 = ORIENTED_EDGE('',*,*,#305,.T.);
#1289 = ORIENTED_EDGE('',*,*,#1290,.F.);
#1290 = EDGE_CURVE('',#1291,#306,#1293,.T.);
#1291 = VERTEX_POINT('',#1292);
#1292 = CARTESIAN_POINT('',(28.5,3.,7.02));
#1293 = LINE('',#1294,#1295);
#1294 = CARTESIAN_POINT('',(28.5,3.,6.99));
#1295 = VECTOR('',#1296,1.);
#1296 = DIRECTION('',(0.,0.,1.));
#1297 = ORIENTED_EDGE('',*,*,#1298,.T.);
#1298 = EDGE_CURVE('',#1291,#1179,#1299,.T.);
#1299 = CIRCLE('',#1300,1.5);
#1300 = AXIS2_PLACEMENT_3D('',#1301,#1302,#1303);
#1301 = CARTESIAN_POINT('',(27.,3.,7.02));
#1302 = DIRECTION('',(0.,0.,-1.));
#1303 = DIRECTION('',(1.,0.,0.));
#1304 = CYLINDRICAL_SURFACE('',#1305,1.5);
#1305 = AXIS2_PLACEMENT_3D('',#1306,#1307,#1308);
#1306 = CARTESIAN_POINT('',(27.,3.,6.99));
#1307 = DIRECTION('',(-0.,-0.,-1.));
#1308 = DIRECTION('',(1.,0.,0.));
#1309 = ADVANCED_FACE('',(#1310),#1408,.F.);
#1310 = FACE_BOUND('',#1311,.F.);
#1311 = EDGE_LOOP('',(#1312,#1313,#1321,#1329,#1337,#1345,#1353,#1359,
    #1360,#1368,#1376,#1384,#1392,#1400,#1406,#1407));
#1312 = ORIENTED_EDGE('',*,*,#1290,.F.);
#1313 = ORIENTED_EDGE('',*,*,#1314,.F.);
#1314 = EDGE_CURVE('',#1315,#1291,#1317,.T.);
#1315 = VERTEX_POINT('',#1316);
#1316 = CARTESIAN_POINT('',(28.5,6.,7.02));
#1317 = LINE('',#1318,#1319);
#1318 = CARTESIAN_POINT('',(28.5,9.,7.02));
#1319 = VECTOR('',#1320,1.);
#1320 = DIRECTION('',(0.,-1.,0.));
#1321 = ORIENTED_EDGE('',*,*,#1322,.T.);
#1322 = EDGE_CURVE('',#1315,#1323,#1325,.T.);
#1323 = VERTEX_POINT('',#1324);
#1324 = CARTESIAN_POINT('',(28.5,6.,9.));
#1325 = LINE('',#1326,#1327);
#1326 = CARTESIAN_POINT('',(28.5,6.,7.));
#1327 = VECTOR('',#1328,1.);
#1328 = DIRECTION('',(0.,0.,1.));
#1329 = ORIENTED_EDGE('',*,*,#1330,.T.);
#1330 = EDGE_CURVE('',#1323,#1331,#1333,.T.);
#1331 = VERTEX_POINT('',#1332);
#1332 = CARTESIAN_POINT('',(28.5,9.,9.));
#1333 = LINE('',#1334,#1335);
#1334 = CARTESIAN_POINT('',(28.5,6.,9.));
#1335 = VECTOR('',#1336,1.);
#1336 = DIRECTION('',(0.,1.,0.));
#1337 = ORIENTED_EDGE('',*,*,#1338,.F.);
#1338 = EDGE_CURVE('',#1339,#1331,#1341,.T.);
#1339 = VERTEX_POINT('',#1340);
#1340 = CARTESIAN_POINT('',(28.5,9.,7.02));
#1341 = LINE('',#1342,#1343);
#1342 = CARTESIAN_POINT('',(28.5,9.,7.));
#1343 = VECTOR('',#1344,1.);
#1344 = DIRECTION('',(0.,0.,1.));
#1345 = ORIENTED_EDGE('',*,*,#1346,.F.);
#1346 = EDGE_CURVE('',#1347,#1339,#1349,.T.);
#1347 = VERTEX_POINT('',#1348);
#1348 = CARTESIAN_POINT('',(28.5,10.5,7.02));
#1349 = LINE('',#1350,#1351);
#1350 = CARTESIAN_POINT('',(28.5,9.,7.02));
#1351 = VECTOR('',#1352,1.);
#1352 = DIRECTION('',(0.,-1.,0.));
#1353 = ORIENTED_EDGE('',*,*,#1354,.F.);
#1354 = EDGE_CURVE('',#480,#1347,#1355,.T.);
#1355 = LINE('',#1356,#1357);
#1356 = CARTESIAN_POINT('',(28.5,10.5,6.145));
#1357 = VECTOR('',#1358,1.);
#1358 = DIRECTION('',(0.,0.,1.));
#1359 = ORIENTED_EDGE('',*,*,#487,.F.);
#1360 = ORIENTED_EDGE('',*,*,#1361,.T.);
#1361 = EDGE_CURVE('',#488,#1362,#1364,.T.);
#1362 = VERTEX_POINT('',#1363);
#1363 = CARTESIAN_POINT('',(28.5,19.5,7.02));
#1364 = LINE('',#1365,#1366);
#1365 = CARTESIAN_POINT('',(28.5,19.5,6.145));
#1366 = VECTOR('',#1367,1.);
#1367 = DIRECTION('',(0.,0.,1.));
#1368 = ORIENTED_EDGE('',*,*,#1369,.F.);
#1369 = EDGE_CURVE('',#1370,#1362,#1372,.T.);
#1370 = VERTEX_POINT('',#1371);
#1371 = CARTESIAN_POINT('',(28.5,21.,7.02));
#1372 = LINE('',#1373,#1374);
#1373 = CARTESIAN_POINT('',(28.5,9.,7.02));
#1374 = VECTOR('',#1375,1.);
#1375 = DIRECTION('',(0.,-1.,0.));
#1376 = ORIENTED_EDGE('',*,*,#1377,.T.);
#1377 = EDGE_CURVE('',#1370,#1378,#1380,.T.);
#1378 = VERTEX_POINT('',#1379);
#1379 = CARTESIAN_POINT('',(28.5,21.,9.));
#1380 = LINE('',#1381,#1382);
#1381 = CARTESIAN_POINT('',(28.5,21.,7.));
#1382 = VECTOR('',#1383,1.);
#1383 = DIRECTION('',(0.,0.,1.));
#1384 = ORIENTED_EDGE('',*,*,#1385,.T.);
#1385 = EDGE_CURVE('',#1378,#1386,#1388,.T.);
#1386 = VERTEX_POINT('',#1387);
#1387 = CARTESIAN_POINT('',(28.5,24.,9.));
#1388 = LINE('',#1389,#1390);
#1389 = CARTESIAN_POINT('',(28.5,21.,9.));
#1390 = VECTOR('',#1391,1.);
#1391 = DIRECTION('',(0.,1.,0.));
#1392 = ORIENTED_EDGE('',*,*,#1393,.F.);
#1393 = EDGE_CURVE('',#1394,#1386,#1396,.T.);
#1394 = VERTEX_POINT('',#1395);
#1395 = CARTESIAN_POINT('',(28.5,24.,7.02));
#1396 = LINE('',#1397,#1398);
#1397 = CARTESIAN_POINT('',(28.5,24.,7.));
#1398 = VECTOR('',#1399,1.);
#1399 = DIRECTION('',(0.,0.,1.));
#1400 = ORIENTED_EDGE('',*,*,#1401,.F.);
#1401 = EDGE_CURVE('',#916,#1394,#1402,.T.);
#1402 = LINE('',#1403,#1404);
#1403 = CARTESIAN_POINT('',(28.5,9.,7.02));
#1404 = VECTOR('',#1405,1.);
#1405 = DIRECTION('',(0.,-1.,0.));
#1406 = ORIENTED_EDGE('',*,*,#924,.T.);
#1407 = ORIENTED_EDGE('',*,*,#314,.F.);
#1408 = PLANE('',#1409);
#1409 = AXIS2_PLACEMENT_3D('',#1410,#1411,#1412);
#1410 = CARTESIAN_POINT('',(28.5,3.,6.99));
#1411 = DIRECTION('',(1.,0.,0.));
#1412 = DIRECTION('',(0.,0.,1.));
#1413 = ADVANCED_FACE('',(#1414),#1433,.F.);
#1414 = FACE_BOUND('',#1415,.T.);
#1415 = EDGE_LOOP('',(#1416,#1417,#1425,#1432));
#1416 = ORIENTED_EDGE('',*,*,#359,.T.);
#1417 = ORIENTED_EDGE('',*,*,#1418,.T.);
#1418 = EDGE_CURVE('',#360,#1419,#1421,.T.);
#1419 = VERTEX_POINT('',#1420);
#1420 = CARTESIAN_POINT('',(28.2,15.,24.5));
#1421 = LINE('',#1422,#1423);
#1422 = CARTESIAN_POINT('',(28.2,15.,23.49));
#1423 = VECTOR('',#1424,1.);
#1424 = DIRECTION('',(0.,0.,1.));
#1425 = ORIENTED_EDGE('',*,*,#1426,.T.);
#1426 = EDGE_CURVE('',#1419,#1419,#1427,.T.);
#1427 = CIRCLE('',#1428,13.2);
#1428 = AXIS2_PLACEMENT_3D('',#1429,#1430,#1431);
#1429 = CARTESIAN_POINT('',(15.,15.,24.5));
#1430 = DIRECTION('',(0.,0.,1.));
#1431 = DIRECTION('',(1.,0.,0.));
#1432 = ORIENTED_EDGE('',*,*,#1418,.F.);
#1433 = CYLINDRICAL_SURFACE('',#1434,13.2);
#1434 = AXIS2_PLACEMENT_3D('',#1435,#1436,#1437);
#1435 = CARTESIAN_POINT('',(15.,15.,23.49));
#1436 = DIRECTION('',(-0.,-0.,-1.));
#1437 = DIRECTION('',(1.,0.,0.));
#1438 = ADVANCED_FACE('',(#1439),#1465,.T.);
#1439 = FACE_BOUND('',#1440,.F.);
#1440 = EDGE_LOOP('',(#1441,#1449,#1450,#1458));
#1441 = ORIENTED_EDGE('',*,*,#1442,.F.);
#1442 = EDGE_CURVE('',#379,#1443,#1445,.T.);
#1443 = VERTEX_POINT('',#1444);
#1444 = CARTESIAN_POINT('',(3.,0.,25.));
#1445 = LINE('',#1446,#1447);
#1446 = CARTESIAN_POINT('',(3.,0.,7.));
#1447 = VECTOR('',#1448,1.);
#1448 = DIRECTION('',(0.,0.,1.));
#1449 = ORIENTED_EDGE('',*,*,#376,.F.);
#1450 = ORIENTED_EDGE('',*,*,#1451,.T.);
#1451 = EDGE_CURVE('',#377,#1452,#1454,.T.);
#1452 = VERTEX_POINT('',#1453);
#1453 = CARTESIAN_POINT('',(0.,3.,25.));
#1454 = LINE('',#1455,#1456);
#1455 = CARTESIAN_POINT('',(0.,3.,7.));
#1456 = VECTOR('',#1457,1.);
#1457 = DIRECTION('',(0.,0.,1.));
#1458 = ORIENTED_EDGE('',*,*,#1459,.T.);
#1459 = EDGE_CURVE('',#1452,#1443,#1460,.T.);
#1460 = CIRCLE('',#1461,3.);
#1461 = AXIS2_PLACEMENT_3D('',#1462,#1463,#1464);
#1462 = CARTESIAN_POINT('',(3.,3.,25.));
#1463 = DIRECTION('',(0.,0.,1.));
#1464 = DIRECTION('',(1.,0.,0.));
#1465 = CYLINDRICAL_SURFACE('',#1466,3.);
#1466 = AXIS2_PLACEMENT_3D('',#1467,#1468,#1469);
#1467 = CARTESIAN_POINT('',(3.,3.,7.));
#1468 = DIRECTION('',(-0.,-0.,-1.));
#1469 = DIRECTION('',(1.,0.,0.));
#1470 = ADVANCED_FACE('',(#1471),#1512,.F.);
#1471 = FACE_BOUND('',#1472,.F.);
#1472 = EDGE_LOOP('',(#1473,#1474,#1475,#1483,#1489,#1490,#1498,#1506));
#1473 = ORIENTED_EDGE('',*,*,#693,.F.);
#1474 = ORIENTED_EDGE('',*,*,#1442,.T.);
#1475 = ORIENTED_EDGE('',*,*,#1476,.T.);
#1476 = EDGE_CURVE('',#1443,#1477,#1479,.T.);
#1477 = VERTEX_POINT('',#1478);
#1478 = CARTESIAN_POINT('',(27.,0.,25.));
#1479 = LINE('',#1480,#1481);
#1480 = CARTESIAN_POINT('',(3.,0.,25.));
#1481 = VECTOR('',#1482,1.);
#1482 = DIRECTION('',(1.,0.,0.));
#1483 = ORIENTED_EDGE('',*,*,#1484,.F.);
#1484 = EDGE_CURVE('',#430,#1477,#1485,.T.);
#1485 = LINE('',#1486,#1487);
#1486 = CARTESIAN_POINT('',(27.,0.,7.));
#1487 = VECTOR('',#1488,1.);
#1488 = DIRECTION('',(0.,0.,1.));
#1489 = ORIENTED_EDGE('',*,*,#438,.F.);
#1490 = ORIENTED_EDGE('',*,*,#1491,.F.);
#1491 = EDGE_CURVE('',#1492,#439,#1494,.T.);
#1492 = VERTEX_POINT('',#1493);
#1493 = CARTESIAN_POINT('',(21.5,0.,8.66));
#1494 = LINE('',#1495,#1496);
#1495 = CARTESIAN_POINT('',(21.5,0.,4.43));
#1496 = VECTOR('',#1497,1.);
#1497 = DIRECTION('',(0.,0.,-1.));
#1498 = ORIENTED_EDGE('',*,*,#1499,.F.);
#1499 = EDGE_CURVE('',#1500,#1492,#1502,.T.);
#1500 = VERTEX_POINT('',#1501);
#1501 = CARTESIAN_POINT('',(8.5,0.,8.66));
#1502 = LINE('',#1503,#1504);
#1503 = CARTESIAN_POINT('',(5.75,0.,8.66));
#1504 = VECTOR('',#1505,1.);
#1505 = DIRECTION('',(1.,0.,0.));
#1506 = ORIENTED_EDGE('',*,*,#1507,.T.);
#1507 = EDGE_CURVE('',#1500,#686,#1508,.T.);
#1508 = LINE('',#1509,#1510);
#1509 = CARTESIAN_POINT('',(8.5,0.,4.43));
#1510 = VECTOR('',#1511,1.);
#1511 = DIRECTION('',(0.,0.,-1.));
#1512 = PLANE('',#1513);
#1513 = AXIS2_PLACEMENT_3D('',#1514,#1515,#1516);
#1514 = CARTESIAN_POINT('',(3.,0.,7.));
#1515 = DIRECTION('',(0.,1.,0.));
#1516 = DIRECTION('',(0.,0.,1.));
#1517 = ADVANCED_FACE('',(#1518),#1559,.T.);
#1518 = FACE_BOUND('',#1519,.T.);
#1519 = EDGE_LOOP('',(#1520,#1526,#1527,#1528,#1536,#1544,#1552,#1558));
#1520 = ORIENTED_EDGE('',*,*,#1521,.F.);
#1521 = EDGE_CURVE('',#1500,#1235,#1522,.T.);
#1522 = LINE('',#1523,#1524);
#1523 = CARTESIAN_POINT('',(8.5,-1.,8.66));
#1524 = VECTOR('',#1525,1.);
#1525 = DIRECTION('',(0.,1.,0.));
#1526 = ORIENTED_EDGE('',*,*,#1507,.T.);
#1527 = ORIENTED_EDGE('',*,*,#685,.F.);
#1528 = ORIENTED_EDGE('',*,*,#1529,.T.);
#1529 = EDGE_CURVE('',#678,#1530,#1532,.T.);
#1530 = VERTEX_POINT('',#1531);
#1531 = CARTESIAN_POINT('',(8.5,1.1,5.4));
#1532 = LINE('',#1533,#1534);
#1533 = CARTESIAN_POINT('',(8.5,1.1,3.63));
#1534 = VECTOR('',#1535,1.);
#1535 = DIRECTION('',(0.,0.,-1.));
#1536 = ORIENTED_EDGE('',*,*,#1537,.F.);
#1537 = EDGE_CURVE('',#1538,#1530,#1540,.T.);
#1538 = VERTEX_POINT('',#1539);
#1539 = CARTESIAN_POINT('',(8.5,2.3,5.4));
#1540 = LINE('',#1541,#1542);
#1541 = CARTESIAN_POINT('',(8.5,7.,5.4));
#1542 = VECTOR('',#1543,1.);
#1543 = DIRECTION('',(0.,-1.,0.));
#1544 = ORIENTED_EDGE('',*,*,#1545,.F.);
#1545 = EDGE_CURVE('',#1546,#1538,#1548,.T.);
#1546 = VERTEX_POINT('',#1547);
#1547 = CARTESIAN_POINT('',(8.5,2.3,7.02));
#1548 = LINE('',#1549,#1550);
#1549 = CARTESIAN_POINT('',(8.5,2.3,3.625));
#1550 = VECTOR('',#1551,1.);
#1551 = DIRECTION('',(0.,0.,-1.));
#1552 = ORIENTED_EDGE('',*,*,#1553,.F.);
#1553 = EDGE_CURVE('',#1243,#1546,#1554,.T.);
#1554 = LINE('',#1555,#1556);
#1555 = CARTESIAN_POINT('',(8.5,7.,7.02));
#1556 = VECTOR('',#1557,1.);
#1557 = DIRECTION('',(0.,1.,0.));
#1558 = ORIENTED_EDGE('',*,*,#1242,.F.);
#1559 = PLANE('',#1560);
#1560 = AXIS2_PLACEMENT_3D('',#1561,#1562,#1563);
#1561 = CARTESIAN_POINT('',(8.5,-1.,1.86));
#1562 = DIRECTION('',(1.,0.,0.));
#1563 = DIRECTION('',(0.,0.,1.));
#1564 = ADVANCED_FACE('',(#1565),#1583,.F.);
#1565 = FACE_BOUND('',#1566,.F.);
#1566 = EDGE_LOOP('',(#1567,#1575,#1581,#1582));
#1567 = ORIENTED_EDGE('',*,*,#1568,.F.);
#1568 = EDGE_CURVE('',#1569,#1530,#1571,.T.);
#1569 = VERTEX_POINT('',#1570);
#1570 = CARTESIAN_POINT('',(3.,1.1,5.4));
#1571 = LINE('',#1572,#1573);
#1572 = CARTESIAN_POINT('',(3.,1.1,5.4));
#1573 = VECTOR('',#1574,1.);
#1574 = DIRECTION('',(1.,0.,0.));
#1575 = ORIENTED_EDGE('',*,*,#1576,.T.);
#1576 = EDGE_CURVE('',#1569,#669,#1577,.T.);
#1577 = LINE('',#1578,#1579);
#1578 = CARTESIAN_POINT('',(3.,1.1,5.4));
#1579 = VECTOR('',#1580,1.);
#1580 = DIRECTION('',(0.,0.,1.));
#1581 = ORIENTED_EDGE('',*,*,#677,.T.);
#1582 = ORIENTED_EDGE('',*,*,#1529,.T.);
#1583 = PLANE('',#1584);
#1584 = AXIS2_PLACEMENT_3D('',#1585,#1586,#1587);
#1585 = CARTESIAN_POINT('',(3.,1.1,5.4));
#1586 = DIRECTION('',(0.,1.,0.));
#1587 = DIRECTION('',(0.,0.,1.));
#1588 = ADVANCED_FACE('',(#1589),#1608,.T.);
#1589 = FACE_BOUND('',#1590,.F.);
#1590 = EDGE_LOOP('',(#1591,#1592,#1601,#1607));
#1591 = ORIENTED_EDGE('',*,*,#1576,.F.);
#1592 = ORIENTED_EDGE('',*,*,#1593,.F.);
#1593 = EDGE_CURVE('',#1594,#1569,#1596,.T.);
#1594 = VERTEX_POINT('',#1595);
#1595 = CARTESIAN_POINT('',(1.1,3.,5.4));
#1596 = CIRCLE('',#1597,1.9);
#1597 = AXIS2_PLACEMENT_3D('',#1598,#1599,#1600);
#1598 = CARTESIAN_POINT('',(3.,3.,5.4));
#1599 = DIRECTION('',(0.,0.,1.));
#1600 = DIRECTION('',(1.,0.,0.));
#1601 = ORIENTED_EDGE('',*,*,#1602,.T.);
#1602 = EDGE_CURVE('',#1594,#661,#1603,.T.);
#1603 = LINE('',#1604,#1605);
#1604 = CARTESIAN_POINT('',(1.1,3.,5.4));
#1605 = VECTOR('',#1606,1.);
#1606 = DIRECTION('',(0.,0.,1.));
#1607 = ORIENTED_EDGE('',*,*,#668,.F.);
#1608 = CYLINDRICAL_SURFACE('',#1609,1.9);
#1609 = AXIS2_PLACEMENT_3D('',#1610,#1611,#1612);
#1610 = CARTESIAN_POINT('',(3.,3.,5.4));
#1611 = DIRECTION('',(-0.,-0.,-1.));
#1612 = DIRECTION('',(1.,0.,0.));
#1613 = ADVANCED_FACE('',(#1614),#1632,.F.);
#1614 = FACE_BOUND('',#1615,.F.);
#1615 = EDGE_LOOP('',(#1616,#1617,#1625,#1631));
#1616 = ORIENTED_EDGE('',*,*,#1602,.F.);
#1617 = ORIENTED_EDGE('',*,*,#1618,.T.);
#1618 = EDGE_CURVE('',#1594,#1619,#1621,.T.);
#1619 = VERTEX_POINT('',#1620);
#1620 = CARTESIAN_POINT('',(1.1,10.5,5.4));
#1621 = LINE('',#1622,#1623);
#1622 = CARTESIAN_POINT('',(1.1,3.,5.4));
#1623 = VECTOR('',#1624,1.);
#1624 = DIRECTION('',(0.,1.,0.));
#1625 = ORIENTED_EDGE('',*,*,#1626,.T.);
#1626 = EDGE_CURVE('',#1619,#653,#1627,.T.);
#1627 = LINE('',#1628,#1629);
#1628 = CARTESIAN_POINT('',(1.1,10.5,5.35));
#1629 = VECTOR('',#1630,1.);
#1630 = DIRECTION('',(0.,0.,1.));
#1631 = ORIENTED_EDGE('',*,*,#660,.T.);
#1632 = PLANE('',#1633);
#1633 = AXIS2_PLACEMENT_3D('',#1634,#1635,#1636);
#1634 = CARTESIAN_POINT('',(1.1,3.,5.4));
#1635 = DIRECTION('',(1.,0.,0.));
#1636 = DIRECTION('',(0.,0.,1.));
#1637 = ADVANCED_FACE('',(#1638),#1665,.T.);
#1638 = FACE_BOUND('',#1639,.T.);
#1639 = EDGE_LOOP('',(#1640,#1648,#1656,#1662,#1663,#1664));
#1640 = ORIENTED_EDGE('',*,*,#1641,.F.);
#1641 = EDGE_CURVE('',#1642,#1073,#1644,.T.);
#1642 = VERTEX_POINT('',#1643);
#1643 = CARTESIAN_POINT('',(2.3,10.5,7.02));
#1644 = LINE('',#1645,#1646);
#1645 = CARTESIAN_POINT('',(7.,10.5,7.02));
#1646 = VECTOR('',#1647,1.);
#1647 = DIRECTION('',(-1.,0.,0.));
#1648 = ORIENTED_EDGE('',*,*,#1649,.F.);
#1649 = EDGE_CURVE('',#1650,#1642,#1652,.T.);
#1650 = VERTEX_POINT('',#1651);
#1651 = CARTESIAN_POINT('',(2.3,10.5,5.4));
#1652 = LINE('',#1653,#1654);
#1653 = CARTESIAN_POINT('',(2.3,10.5,5.345));
#1654 = VECTOR('',#1655,1.);
#1655 = DIRECTION('',(0.,0.,1.));
#1656 = ORIENTED_EDGE('',*,*,#1657,.F.);
#1657 = EDGE_CURVE('',#1619,#1650,#1658,.T.);
#1658 = LINE('',#1659,#1660);
#1659 = CARTESIAN_POINT('',(7.,10.5,5.4));
#1660 = VECTOR('',#1661,1.);
#1661 = DIRECTION('',(1.,0.,0.));
#1662 = ORIENTED_EDGE('',*,*,#1626,.T.);
#1663 = ORIENTED_EDGE('',*,*,#652,.T.);
#1664 = ORIENTED_EDGE('',*,*,#1080,.T.);
#1665 = PLANE('',#1666);
#1666 = AXIS2_PLACEMENT_3D('',#1667,#1668,#1669);
#1667 = CARTESIAN_POINT('',(-1.,10.5,5.3));
#1668 = DIRECTION('',(0.,1.,0.));
#1669 = DIRECTION('',(0.,0.,1.));
#1670 = ADVANCED_FACE('',(#1671),#1705,.F.);
#1671 = FACE_BOUND('',#1672,.F.);
#1672 = EDGE_LOOP('',(#1673,#1681,#1689,#1697,#1703,#1704));
#1673 = ORIENTED_EDGE('',*,*,#1674,.F.);
#1674 = EDGE_CURVE('',#1675,#1088,#1677,.T.);
#1675 = VERTEX_POINT('',#1676);
#1676 = CARTESIAN_POINT('',(2.3,19.5,7.02));
#1677 = LINE('',#1678,#1679);
#1678 = CARTESIAN_POINT('',(7.,19.5,7.02));
#1679 = VECTOR('',#1680,1.);
#1680 = DIRECTION('',(-1.,0.,0.));
#1681 = ORIENTED_EDGE('',*,*,#1682,.F.);
#1682 = EDGE_CURVE('',#1683,#1675,#1685,.T.);
#1683 = VERTEX_POINT('',#1684);
#1684 = CARTESIAN_POINT('',(2.3,19.5,5.4));
#1685 = LINE('',#1686,#1687);
#1686 = CARTESIAN_POINT('',(2.3,19.5,5.345));
#1687 = VECTOR('',#1688,1.);
#1688 = DIRECTION('',(0.,0.,1.));
#1689 = ORIENTED_EDGE('',*,*,#1690,.F.);
#1690 = EDGE_CURVE('',#1691,#1683,#1693,.T.);
#1691 = VERTEX_POINT('',#1692);
#1692 = CARTESIAN_POINT('',(1.1,19.5,5.4));
#1693 = LINE('',#1694,#1695);
#1694 = CARTESIAN_POINT('',(7.,19.5,5.4));
#1695 = VECTOR('',#1696,1.);
#1696 = DIRECTION('',(1.,0.,0.));
#1697 = ORIENTED_EDGE('',*,*,#1698,.T.);
#1698 = EDGE_CURVE('',#1691,#629,#1699,.T.);
#1699 = LINE('',#1700,#1701);
#1700 = CARTESIAN_POINT('',(1.1,19.5,5.35));
#1701 = VECTOR('',#1702,1.);
#1702 = DIRECTION('',(0.,0.,1.));
#1703 = ORIENTED_EDGE('',*,*,#636,.T.);
#1704 = ORIENTED_EDGE('',*,*,#1087,.T.);
#1705 = PLANE('',#1706);
#1706 = AXIS2_PLACEMENT_3D('',#1707,#1708,#1709);
#1707 = CARTESIAN_POINT('',(-1.,19.5,5.3));
#1708 = DIRECTION('',(0.,1.,0.));
#1709 = DIRECTION('',(0.,0.,1.));
#1710 = ADVANCED_FACE('',(#1711),#1729,.F.);
#1711 = FACE_BOUND('',#1712,.F.);
#1712 = EDGE_LOOP('',(#1713,#1714,#1722,#1728));
#1713 = ORIENTED_EDGE('',*,*,#1698,.F.);
#1714 = ORIENTED_EDGE('',*,*,#1715,.T.);
#1715 = EDGE_CURVE('',#1691,#1716,#1718,.T.);
#1716 = VERTEX_POINT('',#1717);
#1717 = CARTESIAN_POINT('',(1.1,27.,5.4));
#1718 = LINE('',#1719,#1720);
#1719 = CARTESIAN_POINT('',(1.1,3.,5.4));
#1720 = VECTOR('',#1721,1.);
#1721 = DIRECTION('',(0.,1.,0.));
#1722 = ORIENTED_EDGE('',*,*,#1723,.T.);
#1723 = EDGE_CURVE('',#1716,#620,#1724,.T.);
#1724 = LINE('',#1725,#1726);
#1725 = CARTESIAN_POINT('',(1.1,27.,5.4));
#1726 = VECTOR('',#1727,1.);
#1727 = DIRECTION('',(0.,0.,1.));
#1728 = ORIENTED_EDGE('',*,*,#628,.T.);
#1729 = PLANE('',#1730);
#1730 = AXIS2_PLACEMENT_3D('',#1731,#1732,#1733);
#1731 = CARTESIAN_POINT('',(1.1,3.,5.4));
#1732 = DIRECTION('',(1.,0.,0.));
#1733 = DIRECTION('',(0.,0.,1.));
#1734 = ADVANCED_FACE('',(#1735),#1754,.T.);
#1735 = FACE_BOUND('',#1736,.F.);
#1736 = EDGE_LOOP('',(#1737,#1746,#1752,#1753));
#1737 = ORIENTED_EDGE('',*,*,#1738,.F.);
#1738 = EDGE_CURVE('',#1739,#1716,#1741,.T.);
#1739 = VERTEX_POINT('',#1740);
#1740 = CARTESIAN_POINT('',(3.,28.9,5.4));
#1741 = CIRCLE('',#1742,1.9);
#1742 = AXIS2_PLACEMENT_3D('',#1743,#1744,#1745);
#1743 = CARTESIAN_POINT('',(3.,27.,5.4));
#1744 = DIRECTION('',(0.,0.,1.));
#1745 = DIRECTION('',(1.,0.,0.));
#1746 = ORIENTED_EDGE('',*,*,#1747,.T.);
#1747 = EDGE_CURVE('',#1739,#612,#1748,.T.);
#1748 = LINE('',#1749,#1750);
#1749 = CARTESIAN_POINT('',(3.,28.9,5.4));
#1750 = VECTOR('',#1751,1.);
#1751 = DIRECTION('',(0.,0.,1.));
#1752 = ORIENTED_EDGE('',*,*,#619,.F.);
#1753 = ORIENTED_EDGE('',*,*,#1723,.F.);
#1754 = CYLINDRICAL_SURFACE('',#1755,1.9);
#1755 = AXIS2_PLACEMENT_3D('',#1756,#1757,#1758);
#1756 = CARTESIAN_POINT('',(3.,27.,5.4));
#1757 = DIRECTION('',(-0.,-0.,-1.));
#1758 = DIRECTION('',(1.,0.,0.));
#1759 = ADVANCED_FACE('',(#1760),#1778,.T.);
#1760 = FACE_BOUND('',#1761,.T.);
#1761 = EDGE_LOOP('',(#1762,#1770,#1771,#1772));
#1762 = ORIENTED_EDGE('',*,*,#1763,.F.);
#1763 = EDGE_CURVE('',#1739,#1764,#1766,.T.);
#1764 = VERTEX_POINT('',#1765);
#1765 = CARTESIAN_POINT('',(3.087536982572,28.9,5.4));
#1766 = LINE('',#1767,#1768);
#1767 = CARTESIAN_POINT('',(3.,28.9,5.4));
#1768 = VECTOR('',#1769,1.);
#1769 = DIRECTION('',(1.,0.,0.));
#1770 = ORIENTED_EDGE('',*,*,#1747,.T.);
#1771 = ORIENTED_EDGE('',*,*,#611,.T.);
#1772 = ORIENTED_EDGE('',*,*,#1773,.T.);
#1773 = EDGE_CURVE('',#603,#1764,#1774,.T.);
#1774 = LINE('',#1775,#1776);
#1775 = CARTESIAN_POINT('',(3.087536982572,28.9,5.3));
#1776 = VECTOR('',#1777,1.);
#1777 = DIRECTION('',(-0.,-0.,-1.));
#1778 = PLANE('',#1779);
#1779 = AXIS2_PLACEMENT_3D('',#1780,#1781,#1782);
#1780 = CARTESIAN_POINT('',(3.,28.9,5.4));
#1781 = DIRECTION('',(0.,1.,0.));
#1782 = DIRECTION('',(0.,0.,1.));
#1783 = ADVANCED_FACE('',(#1784),#1813,.F.);
#1784 = FACE_BOUND('',#1785,.T.);
#1785 = EDGE_LOOP('',(#1786,#1795,#1803,#1810,#1811,#1812));
#1786 = ORIENTED_EDGE('',*,*,#1787,.F.);
#1787 = EDGE_CURVE('',#1788,#990,#1790,.T.);
#1788 = VERTEX_POINT('',#1789);
#1789 = CARTESIAN_POINT('',(2.561401458286,27.54555597257,7.02));
#1790 = CIRCLE('',#1791,2.65);
#1791 = AXIS2_PLACEMENT_3D('',#1792,#1793,#1794);
#1792 = CARTESIAN_POINT('',(5.2,27.3,7.02));
#1793 = DIRECTION('',(0.,0.,-1.));
#1794 = DIRECTION('',(1.,0.,0.));
#1795 = ORIENTED_EDGE('',*,*,#1796,.T.);
#1796 = EDGE_CURVE('',#1788,#1797,#1799,.T.);
#1797 = VERTEX_POINT('',#1798);
#1798 = CARTESIAN_POINT('',(2.561401458286,27.54555597257,5.4));
#1799 = LINE('',#1800,#1801);
#1800 = CARTESIAN_POINT('',(2.561401458286,27.54555597257,5.39));
#1801 = VECTOR('',#1802,1.);
#1802 = DIRECTION('',(-0.,-0.,-1.));
#1803 = ORIENTED_EDGE('',*,*,#1804,.T.);
#1804 = EDGE_CURVE('',#1797,#1764,#1805,.T.);
#1805 = CIRCLE('',#1806,2.65);
#1806 = AXIS2_PLACEMENT_3D('',#1807,#1808,#1809);
#1807 = CARTESIAN_POINT('',(5.2,27.3,5.4));
#1808 = DIRECTION('',(0.,0.,-1.));
#1809 = DIRECTION('',(1.,0.,0.));
#1810 = ORIENTED_EDGE('',*,*,#1773,.F.);
#1811 = ORIENTED_EDGE('',*,*,#602,.F.);
#1812 = ORIENTED_EDGE('',*,*,#989,.F.);
#1813 = CYLINDRICAL_SURFACE('',#1814,2.65);
#1814 = AXIS2_PLACEMENT_3D('',#1815,#1816,#1817);
#1815 = CARTESIAN_POINT('',(5.2,27.3,5.3));
#1816 = DIRECTION('',(-0.,-0.,-1.));
#1817 = DIRECTION('',(1.,0.,0.));
#1818 = ADVANCED_FACE('',(#1819),#1830,.T.);
#1819 = FACE_BOUND('',#1820,.T.);
#1820 = EDGE_LOOP('',(#1821,#1827,#1828,#1829));
#1821 = ORIENTED_EDGE('',*,*,#1822,.F.);
#1822 = EDGE_CURVE('',#719,#783,#1823,.T.);
#1823 = LINE('',#1824,#1825);
#1824 = CARTESIAN_POINT('',(3.,28.9,5.4));
#1825 = VECTOR('',#1826,1.);
#1826 = DIRECTION('',(1.,0.,0.));
#1827 = ORIENTED_EDGE('',*,*,#718,.F.);
#1828 = ORIENTED_EDGE('',*,*,#577,.T.);
#1829 = ORIENTED_EDGE('',*,*,#790,.T.);
#1830 = PLANE('',#1831);
#1831 = AXIS2_PLACEMENT_3D('',#1832,#1833,#1834);
#1832 = CARTESIAN_POINT('',(3.,28.9,5.4));
#1833 = DIRECTION('',(0.,1.,0.));
#1834 = DIRECTION('',(0.,0.,1.));
#1835 = ADVANCED_FACE('',(#1836),#1847,.T.);
#1836 = FACE_BOUND('',#1837,.T.);
#1837 = EDGE_LOOP('',(#1838,#1844,#1845,#1846));
#1838 = ORIENTED_EDGE('',*,*,#1839,.F.);
#1839 = EDGE_CURVE('',#823,#881,#1840,.T.);
#1840 = LINE('',#1841,#1842);
#1841 = CARTESIAN_POINT('',(3.,28.9,5.4));
#1842 = VECTOR('',#1843,1.);
#1843 = DIRECTION('',(1.,0.,0.));
#1844 = ORIENTED_EDGE('',*,*,#830,.F.);
#1845 = ORIENTED_EDGE('',*,*,#554,.T.);
#1846 = ORIENTED_EDGE('',*,*,#889,.T.);
#1847 = PLANE('',#1848);
#1848 = AXIS2_PLACEMENT_3D('',#1849,#1850,#1851);
#1849 = CARTESIAN_POINT('',(3.,28.9,5.4));
#1850 = DIRECTION('',(0.,1.,0.));
#1851 = DIRECTION('',(0.,0.,1.));
#1852 = ADVANCED_FACE('',(#1853),#1889,.F.);
#1853 = FACE_BOUND('',#1854,.T.);
#1854 = EDGE_LOOP('',(#1855,#1864,#1865,#1866,#1874,#1883));
#1855 = ORIENTED_EDGE('',*,*,#1856,.F.);
#1856 = EDGE_CURVE('',#908,#1857,#1859,.T.);
#1857 = VERTEX_POINT('',#1858);
#1858 = CARTESIAN_POINT('',(27.438598541714,27.54555597257,7.02));
#1859 = CIRCLE('',#1860,2.65);
#1860 = AXIS2_PLACEMENT_3D('',#1861,#1862,#1863);
#1861 = CARTESIAN_POINT('',(24.8,27.3,7.02));
#1862 = DIRECTION('',(0.,0.,-1.));
#1863 = DIRECTION('',(1.,0.,0.));
#1864 = ORIENTED_EDGE('',*,*,#907,.T.);
#1865 = ORIENTED_EDGE('',*,*,#528,.F.);
#1866 = ORIENTED_EDGE('',*,*,#1867,.T.);
#1867 = EDGE_CURVE('',#521,#1868,#1870,.T.);
#1868 = VERTEX_POINT('',#1869);
#1869 = CARTESIAN_POINT('',(26.912463017428,28.9,5.4));
#1870 = LINE('',#1871,#1872);
#1871 = CARTESIAN_POINT('',(26.912463017428,28.9,5.3));
#1872 = VECTOR('',#1873,1.);
#1873 = DIRECTION('',(-0.,-0.,-1.));
#1874 = ORIENTED_EDGE('',*,*,#1875,.T.);
#1875 = EDGE_CURVE('',#1868,#1876,#1878,.T.);
#1876 = VERTEX_POINT('',#1877);
#1877 = CARTESIAN_POINT('',(27.438598541714,27.54555597257,5.4));
#1878 = CIRCLE('',#1879,2.65);
#1879 = AXIS2_PLACEMENT_3D('',#1880,#1881,#1882);
#1880 = CARTESIAN_POINT('',(24.8,27.3,5.4));
#1881 = DIRECTION('',(0.,0.,-1.));
#1882 = DIRECTION('',(1.,0.,0.));
#1883 = ORIENTED_EDGE('',*,*,#1884,.F.);
#1884 = EDGE_CURVE('',#1857,#1876,#1885,.T.);
#1885 = LINE('',#1886,#1887);
#1886 = CARTESIAN_POINT('',(27.438598541714,27.54555597257,5.39));
#1887 = VECTOR('',#1888,1.);
#1888 = DIRECTION('',(-0.,-0.,-1.));
#1889 = CYLINDRICAL_SURFACE('',#1890,2.65);
#1890 = AXIS2_PLACEMENT_3D('',#1891,#1892,#1893);
#1891 = CARTESIAN_POINT('',(24.8,27.3,5.3));
#1892 = DIRECTION('',(-0.,-0.,-1.));
#1893 = DIRECTION('',(1.,0.,0.));
#1894 = ADVANCED_FACE('',(#1895),#1913,.T.);
#1895 = FACE_BOUND('',#1896,.T.);
#1896 = EDGE_LOOP('',(#1897,#1905,#1906,#1907));
#1897 = ORIENTED_EDGE('',*,*,#1898,.F.);
#1898 = EDGE_CURVE('',#1868,#1899,#1901,.T.);
#1899 = VERTEX_POINT('',#1900);
#1900 = CARTESIAN_POINT('',(27.,28.9,5.4));
#1901 = LINE('',#1902,#1903);
#1902 = CARTESIAN_POINT('',(3.,28.9,5.4));
#1903 = VECTOR('',#1904,1.);
#1904 = DIRECTION('',(1.,0.,0.));
#1905 = ORIENTED_EDGE('',*,*,#1867,.F.);
#1906 = ORIENTED_EDGE('',*,*,#520,.T.);
#1907 = ORIENTED_EDGE('',*,*,#1908,.F.);
#1908 = EDGE_CURVE('',#1899,#512,#1909,.T.);
#1909 = LINE('',#1910,#1911);
#1910 = CARTESIAN_POINT('',(27.,28.9,5.4));
#1911 = VECTOR('',#1912,1.);
#1912 = DIRECTION('',(0.,0.,1.));
#1913 = PLANE('',#1914);
#1914 = AXIS2_PLACEMENT_3D('',#1915,#1916,#1917);
#1915 = CARTESIAN_POINT('',(3.,28.9,5.4));
#1916 = DIRECTION('',(0.,1.,0.));
#1917 = DIRECTION('',(0.,0.,1.));
#1918 = ADVANCED_FACE('',(#1919),#1938,.T.);
#1919 = FACE_BOUND('',#1920,.F.);
#1920 = EDGE_LOOP('',(#1921,#1930,#1936,#1937));
#1921 = ORIENTED_EDGE('',*,*,#1922,.F.);
#1922 = EDGE_CURVE('',#1923,#1899,#1925,.T.);
#1923 = VERTEX_POINT('',#1924);
#1924 = CARTESIAN_POINT('',(28.9,27.,5.4));
#1925 = CIRCLE('',#1926,1.9);
#1926 = AXIS2_PLACEMENT_3D('',#1927,#1928,#1929);
#1927 = CARTESIAN_POINT('',(27.,27.,5.4));
#1928 = DIRECTION('',(0.,0.,1.));
#1929 = DIRECTION('',(1.,0.,0.));
#1930 = ORIENTED_EDGE('',*,*,#1931,.T.);
#1931 = EDGE_CURVE('',#1923,#504,#1932,.T.);
#1932 = LINE('',#1933,#1934);
#1933 = CARTESIAN_POINT('',(28.9,27.,5.4));
#1934 = VECTOR('',#1935,1.);
#1935 = DIRECTION('',(0.,0.,1.));
#1936 = ORIENTED_EDGE('',*,*,#511,.F.);
#1937 = ORIENTED_EDGE('',*,*,#1908,.F.);
#1938 = CYLINDRICAL_SURFACE('',#1939,1.9);
#1939 = AXIS2_PLACEMENT_3D('',#1940,#1941,#1942);
#1940 = CARTESIAN_POINT('',(27.,27.,5.4));
#1941 = DIRECTION('',(-0.,-0.,-1.));
#1942 = DIRECTION('',(1.,0.,0.));
#1943 = ADVANCED_FACE('',(#1944),#1962,.T.);
#1944 = FACE_BOUND('',#1945,.T.);
#1945 = EDGE_LOOP('',(#1946,#1954,#1960,#1961));
#1946 = ORIENTED_EDGE('',*,*,#1947,.F.);
#1947 = EDGE_CURVE('',#1948,#496,#1950,.T.);
#1948 = VERTEX_POINT('',#1949);
#1949 = CARTESIAN_POINT('',(28.9,19.5,5.4));
#1950 = LINE('',#1951,#1952);
#1951 = CARTESIAN_POINT('',(28.9,19.5,5.35));
#1952 = VECTOR('',#1953,1.);
#1953 = DIRECTION('',(0.,0.,1.));
#1954 = ORIENTED_EDGE('',*,*,#1955,.T.);
#1955 = EDGE_CURVE('',#1948,#1923,#1956,.T.);
#1956 = LINE('',#1957,#1958);
#1957 = CARTESIAN_POINT('',(28.9,3.,5.4));
#1958 = VECTOR('',#1959,1.);
#1959 = DIRECTION('',(0.,1.,0.));
#1960 = ORIENTED_EDGE('',*,*,#1931,.T.);
#1961 = ORIENTED_EDGE('',*,*,#503,.T.);
#1962 = PLANE('',#1963);
#1963 = AXIS2_PLACEMENT_3D('',#1964,#1965,#1966);
#1964 = CARTESIAN_POINT('',(28.9,3.,5.4));
#1965 = DIRECTION('',(1.,0.,0.));
#1966 = DIRECTION('',(0.,0.,1.));
#1967 = ADVANCED_FACE('',(#1968),#1995,.F.);
#1968 = FACE_BOUND('',#1969,.F.);
#1969 = EDGE_LOOP('',(#1970,#1978,#1979,#1980,#1981,#1989));
#1970 = ORIENTED_EDGE('',*,*,#1971,.F.);
#1971 = EDGE_CURVE('',#1362,#1972,#1974,.T.);
#1972 = VERTEX_POINT('',#1973);
#1973 = CARTESIAN_POINT('',(27.7,19.5,7.02));
#1974 = LINE('',#1975,#1976);
#1975 = CARTESIAN_POINT('',(20.5,19.5,7.02));
#1976 = VECTOR('',#1977,1.);
#1977 = DIRECTION('',(-1.,0.,0.));
#1978 = ORIENTED_EDGE('',*,*,#1361,.F.);
#1979 = ORIENTED_EDGE('',*,*,#495,.T.);
#1980 = ORIENTED_EDGE('',*,*,#1947,.F.);
#1981 = ORIENTED_EDGE('',*,*,#1982,.F.);
#1982 = EDGE_CURVE('',#1983,#1948,#1985,.T.);
#1983 = VERTEX_POINT('',#1984);
#1984 = CARTESIAN_POINT('',(27.7,19.5,5.4));
#1985 = LINE('',#1986,#1987);
#1986 = CARTESIAN_POINT('',(20.5,19.5,5.4));
#1987 = VECTOR('',#1988,1.);
#1988 = DIRECTION('',(1.,0.,0.));
#1989 = ORIENTED_EDGE('',*,*,#1990,.T.);
#1990 = EDGE_CURVE('',#1983,#1972,#1991,.T.);
#1991 = LINE('',#1992,#1993);
#1992 = CARTESIAN_POINT('',(27.7,19.5,5.345));
#1993 = VECTOR('',#1994,1.);
#1994 = DIRECTION('',(0.,0.,1.));
#1995 = PLANE('',#1996);
#1996 = AXIS2_PLACEMENT_3D('',#1997,#1998,#1999);
#1997 = CARTESIAN_POINT('',(26.,19.5,5.3));
#1998 = DIRECTION('',(0.,1.,0.));
#1999 = DIRECTION('',(0.,0.,1.));
#2000 = ADVANCED_FACE('',(#2001),#2035,.T.);
#2001 = FACE_BOUND('',#2002,.T.);
#2002 = EDGE_LOOP('',(#2003,#2011,#2012,#2013,#2021,#2029));
#2003 = ORIENTED_EDGE('',*,*,#2004,.F.);
#2004 = EDGE_CURVE('',#1347,#2005,#2007,.T.);
#2005 = VERTEX_POINT('',#2006);
#2006 = CARTESIAN_POINT('',(27.7,10.5,7.02));
#2007 = LINE('',#2008,#2009);
#2008 = CARTESIAN_POINT('',(20.5,10.5,7.02));
#2009 = VECTOR('',#2010,1.);
#2010 = DIRECTION('',(-1.,0.,0.));
#2011 = ORIENTED_EDGE('',*,*,#1354,.F.);
#2012 = ORIENTED_EDGE('',*,*,#479,.T.);
#2013 = ORIENTED_EDGE('',*,*,#2014,.F.);
#2014 = EDGE_CURVE('',#2015,#472,#2017,.T.);
#2015 = VERTEX_POINT('',#2016);
#2016 = CARTESIAN_POINT('',(28.9,10.5,5.4));
#2017 = LINE('',#2018,#2019);
#2018 = CARTESIAN_POINT('',(28.9,10.5,5.35));
#2019 = VECTOR('',#2020,1.);
#2020 = DIRECTION('',(0.,0.,1.));
#2021 = ORIENTED_EDGE('',*,*,#2022,.F.);
#2022 = EDGE_CURVE('',#2023,#2015,#2025,.T.);
#2023 = VERTEX_POINT('',#2024);
#2024 = CARTESIAN_POINT('',(27.7,10.5,5.4));
#2025 = LINE('',#2026,#2027);
#2026 = CARTESIAN_POINT('',(20.5,10.5,5.4));
#2027 = VECTOR('',#2028,1.);
#2028 = DIRECTION('',(1.,0.,0.));
#2029 = ORIENTED_EDGE('',*,*,#2030,.T.);
#2030 = EDGE_CURVE('',#2023,#2005,#2031,.T.);
#2031 = LINE('',#2032,#2033);
#2032 = CARTESIAN_POINT('',(27.7,10.5,5.345));
#2033 = VECTOR('',#2034,1.);
#2034 = DIRECTION('',(0.,0.,1.));
#2035 = PLANE('',#2036);
#2036 = AXIS2_PLACEMENT_3D('',#2037,#2038,#2039);
#2037 = CARTESIAN_POINT('',(26.,10.5,5.3));
#2038 = DIRECTION('',(0.,1.,0.));
#2039 = DIRECTION('',(0.,0.,1.));
#2040 = ADVANCED_FACE('',(#2041),#2059,.T.);
#2041 = FACE_BOUND('',#2042,.T.);
#2042 = EDGE_LOOP('',(#2043,#2051,#2057,#2058));
#2043 = ORIENTED_EDGE('',*,*,#2044,.F.);
#2044 = EDGE_CURVE('',#2045,#463,#2047,.T.);
#2045 = VERTEX_POINT('',#2046);
#2046 = CARTESIAN_POINT('',(28.9,3.,5.4));
#2047 = LINE('',#2048,#2049);
#2048 = CARTESIAN_POINT('',(28.9,3.,5.4));
#2049 = VECTOR('',#2050,1.);
#2050 = DIRECTION('',(0.,0.,1.));
#2051 = ORIENTED_EDGE('',*,*,#2052,.T.);
#2052 = EDGE_CURVE('',#2045,#2015,#2053,.T.);
#2053 = LINE('',#2054,#2055);
#2054 = CARTESIAN_POINT('',(28.9,3.,5.4));
#2055 = VECTOR('',#2056,1.);
#2056 = DIRECTION('',(0.,1.,0.));
#2057 = ORIENTED_EDGE('',*,*,#2014,.T.);
#2058 = ORIENTED_EDGE('',*,*,#471,.T.);
#2059 = PLANE('',#2060);
#2060 = AXIS2_PLACEMENT_3D('',#2061,#2062,#2063);
#2061 = CARTESIAN_POINT('',(28.9,3.,5.4));
#2062 = DIRECTION('',(1.,0.,0.));
#2063 = DIRECTION('',(0.,0.,1.));
#2064 = ADVANCED_FACE('',(#2065),#2084,.T.);
#2065 = FACE_BOUND('',#2066,.F.);
#2066 = EDGE_LOOP('',(#2067,#2068,#2077,#2083));
#2067 = ORIENTED_EDGE('',*,*,#2044,.F.);
#2068 = ORIENTED_EDGE('',*,*,#2069,.F.);
#2069 = EDGE_CURVE('',#2070,#2045,#2072,.T.);
#2070 = VERTEX_POINT('',#2071);
#2071 = CARTESIAN_POINT('',(27.,1.1,5.4));
#2072 = CIRCLE('',#2073,1.9);
#2073 = AXIS2_PLACEMENT_3D('',#2074,#2075,#2076);
#2074 = CARTESIAN_POINT('',(27.,3.,5.4));
#2075 = DIRECTION('',(0.,0.,1.));
#2076 = DIRECTION('',(1.,0.,0.));
#2077 = ORIENTED_EDGE('',*,*,#2078,.T.);
#2078 = EDGE_CURVE('',#2070,#455,#2079,.T.);
#2079 = LINE('',#2080,#2081);
#2080 = CARTESIAN_POINT('',(27.,1.1,5.4));
#2081 = VECTOR('',#2082,1.);
#2082 = DIRECTION('',(0.,0.,1.));
#2083 = ORIENTED_EDGE('',*,*,#462,.F.);
#2084 = CYLINDRICAL_SURFACE('',#2085,1.9);
#2085 = AXIS2_PLACEMENT_3D('',#2086,#2087,#2088);
#2086 = CARTESIAN_POINT('',(27.,3.,5.4));
#2087 = DIRECTION('',(-0.,-0.,-1.));
#2088 = DIRECTION('',(1.,0.,0.));
#2089 = ADVANCED_FACE('',(#2090),#2108,.F.);
#2090 = FACE_BOUND('',#2091,.F.);
#2091 = EDGE_LOOP('',(#2092,#2100,#2106,#2107));
#2092 = ORIENTED_EDGE('',*,*,#2093,.F.);
#2093 = EDGE_CURVE('',#2094,#2070,#2096,.T.);
#2094 = VERTEX_POINT('',#2095);
#2095 = CARTESIAN_POINT('',(21.5,1.1,5.4));
#2096 = LINE('',#2097,#2098);
#2097 = CARTESIAN_POINT('',(3.,1.1,5.4));
#2098 = VECTOR('',#2099,1.);
#2099 = DIRECTION('',(1.,0.,0.));
#2100 = ORIENTED_EDGE('',*,*,#2101,.F.);
#2101 = EDGE_CURVE('',#447,#2094,#2102,.T.);
#2102 = LINE('',#2103,#2104);
#2103 = CARTESIAN_POINT('',(21.5,1.1,3.63));
#2104 = VECTOR('',#2105,1.);
#2105 = DIRECTION('',(0.,0.,-1.));
#2106 = ORIENTED_EDGE('',*,*,#454,.T.);
#2107 = ORIENTED_EDGE('',*,*,#2078,.F.);
#2108 = PLANE('',#2109);
#2109 = AXIS2_PLACEMENT_3D('',#2110,#2111,#2112);
#2110 = CARTESIAN_POINT('',(3.,1.1,5.4));
#2111 = DIRECTION('',(0.,1.,0.));
#2112 = DIRECTION('',(0.,0.,1.));
#2113 = ADVANCED_FACE('',(#2114),#2148,.F.);
#2114 = FACE_BOUND('',#2115,.F.);
#2115 = EDGE_LOOP('',(#2116,#2122,#2123,#2124,#2125,#2133,#2141,#2147));
#2116 = ORIENTED_EDGE('',*,*,#2117,.F.);
#2117 = EDGE_CURVE('',#1492,#1227,#2118,.T.);
#2118 = LINE('',#2119,#2120);
#2119 = CARTESIAN_POINT('',(21.5,-1.,8.66));
#2120 = VECTOR('',#2121,1.);
#2121 = DIRECTION('',(0.,1.,0.));
#2122 = ORIENTED_EDGE('',*,*,#1491,.T.);
#2123 = ORIENTED_EDGE('',*,*,#446,.F.);
#2124 = ORIENTED_EDGE('',*,*,#2101,.T.);
#2125 = ORIENTED_EDGE('',*,*,#2126,.F.);
#2126 = EDGE_CURVE('',#2127,#2094,#2129,.T.);
#2127 = VERTEX_POINT('',#2128);
#2128 = CARTESIAN_POINT('',(21.5,2.3,5.4));
#2129 = LINE('',#2130,#2131);
#2130 = CARTESIAN_POINT('',(21.5,7.,5.4));
#2131 = VECTOR('',#2132,1.);
#2132 = DIRECTION('',(0.,-1.,0.));
#2133 = ORIENTED_EDGE('',*,*,#2134,.F.);
#2134 = EDGE_CURVE('',#2135,#2127,#2137,.T.);
#2135 = VERTEX_POINT('',#2136);
#2136 = CARTESIAN_POINT('',(21.5,2.3,7.02));
#2137 = LINE('',#2138,#2139);
#2138 = CARTESIAN_POINT('',(21.5,2.3,3.625));
#2139 = VECTOR('',#2140,1.);
#2140 = DIRECTION('',(0.,0.,-1.));
#2141 = ORIENTED_EDGE('',*,*,#2142,.F.);
#2142 = EDGE_CURVE('',#1219,#2135,#2143,.T.);
#2143 = LINE('',#2144,#2145);
#2144 = CARTESIAN_POINT('',(21.5,7.,7.02));
#2145 = VECTOR('',#2146,1.);
#2146 = DIRECTION('',(0.,1.,0.));
#2147 = ORIENTED_EDGE('',*,*,#1226,.F.);
#2148 = PLANE('',#2149);
#2149 = AXIS2_PLACEMENT_3D('',#2150,#2151,#2152);
#2150 = CARTESIAN_POINT('',(21.5,-1.,1.86));
#2151 = DIRECTION('',(1.,0.,0.));
#2152 = DIRECTION('',(0.,0.,1.));
#2153 = ADVANCED_FACE('',(#2154),#2173,.T.);
#2154 = FACE_BOUND('',#2155,.F.);
#2155 = EDGE_LOOP('',(#2156,#2164,#2165,#2166));
#2156 = ORIENTED_EDGE('',*,*,#2157,.F.);
#2157 = EDGE_CURVE('',#422,#2158,#2160,.T.);
#2158 = VERTEX_POINT('',#2159);
#2159 = CARTESIAN_POINT('',(30.,3.,25.));
#2160 = LINE('',#2161,#2162);
#2161 = CARTESIAN_POINT('',(30.,3.,7.));
#2162 = VECTOR('',#2163,1.);
#2163 = DIRECTION('',(0.,0.,1.));
#2164 = ORIENTED_EDGE('',*,*,#429,.F.);
#2165 = ORIENTED_EDGE('',*,*,#1484,.T.);
#2166 = ORIENTED_EDGE('',*,*,#2167,.T.);
#2167 = EDGE_CURVE('',#1477,#2158,#2168,.T.);
#2168 = CIRCLE('',#2169,3.);
#2169 = AXIS2_PLACEMENT_3D('',#2170,#2171,#2172);
#2170 = CARTESIAN_POINT('',(27.,3.,25.));
#2171 = DIRECTION('',(0.,0.,1.));
#2172 = DIRECTION('',(1.,0.,0.));
#2173 = CYLINDRICAL_SURFACE('',#2174,3.);
#2174 = AXIS2_PLACEMENT_3D('',#2175,#2176,#2177);
#2175 = CARTESIAN_POINT('',(27.,3.,7.));
#2176 = DIRECTION('',(-0.,-0.,-1.));
#2177 = DIRECTION('',(1.,0.,0.));
#2178 = ADVANCED_FACE('',(#2179),#2197,.T.);
#2179 = FACE_BOUND('',#2180,.T.);
#2180 = EDGE_LOOP('',(#2181,#2182,#2183,#2191));
#2181 = ORIENTED_EDGE('',*,*,#2157,.F.);
#2182 = ORIENTED_EDGE('',*,*,#421,.T.);
#2183 = ORIENTED_EDGE('',*,*,#2184,.T.);
#2184 = EDGE_CURVE('',#413,#2185,#2187,.T.);
#2185 = VERTEX_POINT('',#2186);
#2186 = CARTESIAN_POINT('',(30.,27.,25.));
#2187 = LINE('',#2188,#2189);
#2188 = CARTESIAN_POINT('',(30.,27.,7.));
#2189 = VECTOR('',#2190,1.);
#2190 = DIRECTION('',(0.,0.,1.));
#2191 = ORIENTED_EDGE('',*,*,#2192,.F.);
#2192 = EDGE_CURVE('',#2158,#2185,#2193,.T.);
#2193 = LINE('',#2194,#2195);
#2194 = CARTESIAN_POINT('',(30.,3.,25.));
#2195 = VECTOR('',#2196,1.);
#2196 = DIRECTION('',(0.,1.,0.));
#2197 = PLANE('',#2198);
#2198 = AXIS2_PLACEMENT_3D('',#2199,#2200,#2201);
#2199 = CARTESIAN_POINT('',(30.,3.,7.));
#2200 = DIRECTION('',(1.,0.,0.));
#2201 = DIRECTION('',(0.,0.,1.));
#2202 = ADVANCED_FACE('',(#2203),#2222,.T.);
#2203 = FACE_BOUND('',#2204,.F.);
#2204 = EDGE_LOOP('',(#2205,#2206,#2207,#2216));
#2205 = ORIENTED_EDGE('',*,*,#412,.F.);
#2206 = ORIENTED_EDGE('',*,*,#2184,.T.);
#2207 = ORIENTED_EDGE('',*,*,#2208,.T.);
#2208 = EDGE_CURVE('',#2185,#2209,#2211,.T.);
#2209 = VERTEX_POINT('',#2210);
#2210 = CARTESIAN_POINT('',(27.,30.,25.));
#2211 = CIRCLE('',#2212,3.);
#2212 = AXIS2_PLACEMENT_3D('',#2213,#2214,#2215);
#2213 = CARTESIAN_POINT('',(27.,27.,25.));
#2214 = DIRECTION('',(0.,0.,1.));
#2215 = DIRECTION('',(1.,0.,0.));
#2216 = ORIENTED_EDGE('',*,*,#2217,.F.);
#2217 = EDGE_CURVE('',#405,#2209,#2218,.T.);
#2218 = LINE('',#2219,#2220);
#2219 = CARTESIAN_POINT('',(27.,30.,7.));
#2220 = VECTOR('',#2221,1.);
#2221 = DIRECTION('',(0.,0.,1.));
#2222 = CYLINDRICAL_SURFACE('',#2223,3.);
#2223 = AXIS2_PLACEMENT_3D('',#2224,#2225,#2226);
#2224 = CARTESIAN_POINT('',(27.,27.,7.));
#2225 = DIRECTION('',(-0.,-0.,-1.));
#2226 = DIRECTION('',(1.,0.,0.));
#2227 = ADVANCED_FACE('',(#2228),#2246,.T.);
#2228 = FACE_BOUND('',#2229,.T.);
#2229 = EDGE_LOOP('',(#2230,#2231,#2239,#2245));
#2230 = ORIENTED_EDGE('',*,*,#404,.F.);
#2231 = ORIENTED_EDGE('',*,*,#2232,.T.);
#2232 = EDGE_CURVE('',#396,#2233,#2235,.T.);
#2233 = VERTEX_POINT('',#2234);
#2234 = CARTESIAN_POINT('',(3.,30.,25.));
#2235 = LINE('',#2236,#2237);
#2236 = CARTESIAN_POINT('',(3.,30.,7.));
#2237 = VECTOR('',#2238,1.);
#2238 = DIRECTION('',(0.,0.,1.));
#2239 = ORIENTED_EDGE('',*,*,#2240,.T.);
#2240 = EDGE_CURVE('',#2233,#2209,#2241,.T.);
#2241 = LINE('',#2242,#2243);
#2242 = CARTESIAN_POINT('',(3.,30.,25.));
#2243 = VECTOR('',#2244,1.);
#2244 = DIRECTION('',(1.,0.,0.));
#2245 = ORIENTED_EDGE('',*,*,#2217,.F.);
#2246 = PLANE('',#2247);
#2247 = AXIS2_PLACEMENT_3D('',#2248,#2249,#2250);
#2248 = CARTESIAN_POINT('',(3.,30.,7.));
#2249 = DIRECTION('',(0.,1.,0.));
#2250 = DIRECTION('',(0.,0.,1.));
#2251 = ADVANCED_FACE('',(#2252),#2271,.T.);
#2252 = FACE_BOUND('',#2253,.F.);
#2253 = EDGE_LOOP('',(#2254,#2255,#2256,#2265));
#2254 = ORIENTED_EDGE('',*,*,#395,.F.);
#2255 = ORIENTED_EDGE('',*,*,#2232,.T.);
#2256 = ORIENTED_EDGE('',*,*,#2257,.T.);
#2257 = EDGE_CURVE('',#2233,#2258,#2260,.T.);
#2258 = VERTEX_POINT('',#2259);
#2259 = CARTESIAN_POINT('',(0.,27.,25.));
#2260 = CIRCLE('',#2261,3.);
#2261 = AXIS2_PLACEMENT_3D('',#2262,#2263,#2264);
#2262 = CARTESIAN_POINT('',(3.,27.,25.));
#2263 = DIRECTION('',(0.,0.,1.));
#2264 = DIRECTION('',(1.,0.,0.));
#2265 = ORIENTED_EDGE('',*,*,#2266,.F.);
#2266 = EDGE_CURVE('',#388,#2258,#2267,.T.);
#2267 = LINE('',#2268,#2269);
#2268 = CARTESIAN_POINT('',(0.,27.,7.));
#2269 = VECTOR('',#2270,1.);
#2270 = DIRECTION('',(0.,0.,1.));
#2271 = CYLINDRICAL_SURFACE('',#2272,3.);
#2272 = AXIS2_PLACEMENT_3D('',#2273,#2274,#2275);
#2273 = CARTESIAN_POINT('',(3.,27.,7.));
#2274 = DIRECTION('',(-0.,-0.,-1.));
#2275 = DIRECTION('',(1.,0.,0.));
#2276 = ADVANCED_FACE('',(#2277),#2288,.F.);
#2277 = FACE_BOUND('',#2278,.F.);
#2278 = EDGE_LOOP('',(#2279,#2280,#2281,#2282));
#2279 = ORIENTED_EDGE('',*,*,#1451,.F.);
#2280 = ORIENTED_EDGE('',*,*,#387,.T.);
#2281 = ORIENTED_EDGE('',*,*,#2266,.T.);
#2282 = ORIENTED_EDGE('',*,*,#2283,.F.);
#2283 = EDGE_CURVE('',#1452,#2258,#2284,.T.);
#2284 = LINE('',#2285,#2286);
#2285 = CARTESIAN_POINT('',(0.,3.,25.));
#2286 = VECTOR('',#2287,1.);
#2287 = DIRECTION('',(0.,1.,0.));
#2288 = PLANE('',#2289);
#2289 = AXIS2_PLACEMENT_3D('',#2290,#2291,#2292);
#2290 = CARTESIAN_POINT('',(0.,3.,7.));
#2291 = DIRECTION('',(1.,0.,0.));
#2292 = DIRECTION('',(0.,0.,1.));
#2293 = ADVANCED_FACE('',(#2294),#2305,.F.);
#2294 = FACE_BOUND('',#2295,.F.);
#2295 = EDGE_LOOP('',(#2296,#2302,#2303,#2304));
#2296 = ORIENTED_EDGE('',*,*,#2297,.F.);
#2297 = EDGE_CURVE('',#727,#775,#2298,.T.);
#2298 = LINE('',#2299,#2300);
#2299 = CARTESIAN_POINT('',(9.,27.7,5.4));
#2300 = VECTOR('',#2301,1.);
#2301 = DIRECTION('',(1.,0.,0.));
#2302 = ORIENTED_EDGE('',*,*,#735,.F.);
#2303 = ORIENTED_EDGE('',*,*,#751,.F.);
#2304 = ORIENTED_EDGE('',*,*,#774,.T.);
#2305 = PLANE('',#2306);
#2306 = AXIS2_PLACEMENT_3D('',#2307,#2308,#2309);
#2307 = CARTESIAN_POINT('',(3.,27.7,5.39));
#2308 = DIRECTION('',(0.,1.,0.));
#2309 = DIRECTION('',(0.,0.,1.));
#2310 = ADVANCED_FACE('',(#2311),#2317,.T.);
#2311 = FACE_BOUND('',#2312,.T.);
#2312 = EDGE_LOOP('',(#2313,#2314,#2315,#2316));
#2313 = ORIENTED_EDGE('',*,*,#726,.F.);
#2314 = ORIENTED_EDGE('',*,*,#1822,.T.);
#2315 = ORIENTED_EDGE('',*,*,#782,.T.);
#2316 = ORIENTED_EDGE('',*,*,#2297,.F.);
#2317 = PLANE('',#2318);
#2318 = AXIS2_PLACEMENT_3D('',#2319,#2320,#2321);
#2319 = CARTESIAN_POINT('',(15.,15.,5.4));
#2320 = DIRECTION('',(-0.,-0.,-1.));
#2321 = DIRECTION('',(-1.,0.,0.));
#2322 = ADVANCED_FACE('',(#2323),#2334,.T.);
#2323 = FACE_BOUND('',#2324,.T.);
#2324 = EDGE_LOOP('',(#2325,#2326,#2327,#2328));
#2325 = ORIENTED_EDGE('',*,*,#822,.F.);
#2326 = ORIENTED_EDGE('',*,*,#1839,.T.);
#2327 = ORIENTED_EDGE('',*,*,#880,.F.);
#2328 = ORIENTED_EDGE('',*,*,#2329,.F.);
#2329 = EDGE_CURVE('',#815,#873,#2330,.T.);
#2330 = LINE('',#2331,#2332);
#2331 = CARTESIAN_POINT('',(9.,27.7,5.4));
#2332 = VECTOR('',#2333,1.);
#2333 = DIRECTION('',(1.,0.,0.));
#2334 = PLANE('',#2335);
#2335 = AXIS2_PLACEMENT_3D('',#2336,#2337,#2338);
#2336 = CARTESIAN_POINT('',(15.,15.,5.4));
#2337 = DIRECTION('',(-0.,-0.,-1.));
#2338 = DIRECTION('',(-1.,0.,0.));
#2339 = ADVANCED_FACE('',(#2340),#2346,.F.);
#2340 = FACE_BOUND('',#2341,.F.);
#2341 = EDGE_LOOP('',(#2342,#2343,#2344,#2345));
#2342 = ORIENTED_EDGE('',*,*,#2329,.F.);
#2343 = ORIENTED_EDGE('',*,*,#814,.F.);
#2344 = ORIENTED_EDGE('',*,*,#848,.F.);
#2345 = ORIENTED_EDGE('',*,*,#872,.T.);
#2346 = PLANE('',#2347);
#2347 = AXIS2_PLACEMENT_3D('',#2348,#2349,#2350);
#2348 = CARTESIAN_POINT('',(3.,27.7,5.39));
#2349 = DIRECTION('',(0.,1.,0.));
#2350 = DIRECTION('',(0.,0.,1.));
#2351 = ADVANCED_FACE('',(#2352),#2396,.T.);
#2352 = FACE_BOUND('',#2353,.T.);
#2353 = EDGE_LOOP('',(#2354,#2355,#2356,#2364,#2372,#2378,#2379,#2380,
    #2381,#2390));
#2354 = ORIENTED_EDGE('',*,*,#1971,.F.);
#2355 = ORIENTED_EDGE('',*,*,#1369,.F.);
#2356 = ORIENTED_EDGE('',*,*,#2357,.T.);
#2357 = EDGE_CURVE('',#1370,#2358,#2360,.T.);
#2358 = VERTEX_POINT('',#2359);
#2359 = CARTESIAN_POINT('',(27.75,21.,7.02));
#2360 = LINE('',#2361,#2362);
#2361 = CARTESIAN_POINT('',(21.375,21.,7.02));
#2362 = VECTOR('',#2363,1.);
#2363 = DIRECTION('',(-1.,0.,0.));
#2364 = ORIENTED_EDGE('',*,*,#2365,.T.);
#2365 = EDGE_CURVE('',#2358,#2366,#2368,.T.);
#2366 = VERTEX_POINT('',#2367);
#2367 = CARTESIAN_POINT('',(27.75,24.,7.02));
#2368 = LINE('',#2369,#2370);
#2369 = CARTESIAN_POINT('',(27.75,18.,7.02));
#2370 = VECTOR('',#2371,1.);
#2371 = DIRECTION('',(0.,1.,0.));
#2372 = ORIENTED_EDGE('',*,*,#2373,.F.);
#2373 = EDGE_CURVE('',#1394,#2366,#2374,.T.);
#2374 = LINE('',#2375,#2376);
#2375 = CARTESIAN_POINT('',(21.375,24.,7.02));
#2376 = VECTOR('',#2377,1.);
#2377 = DIRECTION('',(-1.,0.,0.));
#2378 = ORIENTED_EDGE('',*,*,#1401,.F.);
#2379 = ORIENTED_EDGE('',*,*,#915,.F.);
#2380 = ORIENTED_EDGE('',*,*,#1856,.T.);
#2381 = ORIENTED_EDGE('',*,*,#2382,.T.);
#2382 = EDGE_CURVE('',#1857,#2383,#2385,.T.);
#2383 = VERTEX_POINT('',#2384);
#2384 = CARTESIAN_POINT('',(27.7,27.,7.02));
#2385 = CIRCLE('',#2386,0.7);
#2386 = AXIS2_PLACEMENT_3D('',#2387,#2388,#2389);
#2387 = CARTESIAN_POINT('',(27.,27.,7.02));
#2388 = DIRECTION('',(0.,0.,-1.));
#2389 = DIRECTION('',(1.,0.,0.));
#2390 = ORIENTED_EDGE('',*,*,#2391,.F.);
#2391 = EDGE_CURVE('',#1972,#2383,#2392,.T.);
#2392 = LINE('',#2393,#2394);
#2393 = CARTESIAN_POINT('',(27.7,9.,7.02));
#2394 = VECTOR('',#2395,1.);
#2395 = DIRECTION('',(0.,1.,0.));
#2396 = PLANE('',#2397);
#2397 = AXIS2_PLACEMENT_3D('',#2398,#2399,#2400);
#2398 = CARTESIAN_POINT('',(15.,15.,7.02));
#2399 = DIRECTION('',(0.,0.,1.));
#2400 = DIRECTION('',(1.,0.,0.));
#2401 = ADVANCED_FACE('',(#2402),#2421,.F.);
#2402 = FACE_BOUND('',#2403,.T.);
#2403 = EDGE_LOOP('',(#2404,#2405,#2413,#2420));
#2404 = ORIENTED_EDGE('',*,*,#972,.T.);
#2405 = ORIENTED_EDGE('',*,*,#2406,.T.);
#2406 = EDGE_CURVE('',#973,#2407,#2409,.T.);
#2407 = VERTEX_POINT('',#2408);
#2408 = CARTESIAN_POINT('',(25.65,27.3,13.2));
#2409 = LINE('',#2410,#2411);
#2410 = CARTESIAN_POINT('',(25.65,27.3,8.59));
#2411 = VECTOR('',#2412,1.);
#2412 = DIRECTION('',(0.,0.,1.));
#2413 = ORIENTED_EDGE('',*,*,#2414,.T.);
#2414 = EDGE_CURVE('',#2407,#2407,#2415,.T.);
#2415 = CIRCLE('',#2416,0.85);
#2416 = AXIS2_PLACEMENT_3D('',#2417,#2418,#2419);
#2417 = CARTESIAN_POINT('',(24.8,27.3,13.2));
#2418 = DIRECTION('',(0.,0.,1.));
#2419 = DIRECTION('',(1.,0.,0.));
#2420 = ORIENTED_EDGE('',*,*,#2406,.F.);
#2421 = CYLINDRICAL_SURFACE('',#2422,0.85);
#2422 = AXIS2_PLACEMENT_3D('',#2423,#2424,#2425);
#2423 = CARTESIAN_POINT('',(24.8,27.3,8.59));
#2424 = DIRECTION('',(-0.,-0.,-1.));
#2425 = DIRECTION('',(1.,0.,0.));
#2426 = ADVANCED_FACE('',(#2427),#2471,.T.);
#2427 = FACE_BOUND('',#2428,.T.);
#2428 = EDGE_LOOP('',(#2429,#2430,#2431,#2439,#2446,#2447,#2448,#2449,
    #2457,#2465));
#2429 = ORIENTED_EDGE('',*,*,#1095,.T.);
#2430 = ORIENTED_EDGE('',*,*,#1674,.F.);
#2431 = ORIENTED_EDGE('',*,*,#2432,.T.);
#2432 = EDGE_CURVE('',#1675,#2433,#2435,.T.);
#2433 = VERTEX_POINT('',#2434);
#2434 = CARTESIAN_POINT('',(2.3,27.,7.02));
#2435 = LINE('',#2436,#2437);
#2436 = CARTESIAN_POINT('',(2.3,9.,7.02));
#2437 = VECTOR('',#2438,1.);
#2438 = DIRECTION('',(0.,1.,0.));
#2439 = ORIENTED_EDGE('',*,*,#2440,.T.);
#2440 = EDGE_CURVE('',#2433,#1788,#2441,.T.);
#2441 = CIRCLE('',#2442,0.7);
#2442 = AXIS2_PLACEMENT_3D('',#2443,#2444,#2445);
#2443 = CARTESIAN_POINT('',(3.,27.,7.02));
#2444 = DIRECTION('',(0.,0.,-1.));
#2445 = DIRECTION('',(1.,0.,0.));
#2446 = ORIENTED_EDGE('',*,*,#1787,.T.);
#2447 = ORIENTED_EDGE('',*,*,#1008,.F.);
#2448 = ORIENTED_EDGE('',*,*,#1127,.T.);
#2449 = ORIENTED_EDGE('',*,*,#2450,.F.);
#2450 = EDGE_CURVE('',#2451,#1120,#2453,.T.);
#2451 = VERTEX_POINT('',#2452);
#2452 = CARTESIAN_POINT('',(2.25,24.,7.02));
#2453 = LINE('',#2454,#2455);
#2454 = CARTESIAN_POINT('',(8.25,24.,7.02));
#2455 = VECTOR('',#2456,1.);
#2456 = DIRECTION('',(-1.,0.,0.));
#2457 = ORIENTED_EDGE('',*,*,#2458,.F.);
#2458 = EDGE_CURVE('',#2459,#2451,#2461,.T.);
#2459 = VERTEX_POINT('',#2460);
#2460 = CARTESIAN_POINT('',(2.25,21.,7.02));
#2461 = LINE('',#2462,#2463);
#2462 = CARTESIAN_POINT('',(2.25,18.,7.02));
#2463 = VECTOR('',#2464,1.);
#2464 = DIRECTION('',(0.,1.,0.));
#2465 = ORIENTED_EDGE('',*,*,#2466,.T.);
#2466 = EDGE_CURVE('',#2459,#1096,#2467,.T.);
#2467 = LINE('',#2468,#2469);
#2468 = CARTESIAN_POINT('',(8.25,21.,7.02));
#2469 = VECTOR('',#2470,1.);
#2470 = DIRECTION('',(-1.,0.,0.));
#2471 = PLANE('',#2472);
#2472 = AXIS2_PLACEMENT_3D('',#2473,#2474,#2475);
#2473 = CARTESIAN_POINT('',(15.,15.,7.02));
#2474 = DIRECTION('',(0.,0.,1.));
#2475 = DIRECTION('',(1.,0.,0.));
#2476 = ADVANCED_FACE('',(#2477),#2495,.T.);
#2477 = FACE_BOUND('',#2478,.T.);
#2478 = EDGE_LOOP('',(#2479,#2480,#2481,#2489));
#2479 = ORIENTED_EDGE('',*,*,#2450,.T.);
#2480 = ORIENTED_EDGE('',*,*,#1119,.T.);
#2481 = ORIENTED_EDGE('',*,*,#2482,.T.);
#2482 = EDGE_CURVE('',#1112,#2483,#2485,.T.);
#2483 = VERTEX_POINT('',#2484);
#2484 = CARTESIAN_POINT('',(2.25,24.,9.));
#2485 = LINE('',#2486,#2487);
#2486 = CARTESIAN_POINT('',(1.5,24.,9.));
#2487 = VECTOR('',#2488,1.);
#2488 = DIRECTION('',(1.,0.,0.));
#2489 = ORIENTED_EDGE('',*,*,#2490,.F.);
#2490 = EDGE_CURVE('',#2451,#2483,#2491,.T.);
#2491 = LINE('',#2492,#2493);
#2492 = CARTESIAN_POINT('',(2.25,24.,7.));
#2493 = VECTOR('',#2494,1.);
#2494 = DIRECTION('',(0.,0.,1.));
#2495 = PLANE('',#2496);
#2496 = AXIS2_PLACEMENT_3D('',#2497,#2498,#2499);
#2497 = CARTESIAN_POINT('',(1.5,24.,7.));
#2498 = DIRECTION('',(0.,1.,0.));
#2499 = DIRECTION('',(0.,0.,1.));
#2500 = ADVANCED_FACE('',(#2501),#2519,.T.);
#2501 = FACE_BOUND('',#2502,.T.);
#2502 = EDGE_LOOP('',(#2503,#2504,#2512,#2518));
#2503 = ORIENTED_EDGE('',*,*,#1111,.F.);
#2504 = ORIENTED_EDGE('',*,*,#2505,.T.);
#2505 = EDGE_CURVE('',#1104,#2506,#2508,.T.);
#2506 = VERTEX_POINT('',#2507);
#2507 = CARTESIAN_POINT('',(2.25,21.,9.));
#2508 = LINE('',#2509,#2510);
#2509 = CARTESIAN_POINT('',(1.5,21.,9.));
#2510 = VECTOR('',#2511,1.);
#2511 = DIRECTION('',(1.,0.,0.));
#2512 = ORIENTED_EDGE('',*,*,#2513,.T.);
#2513 = EDGE_CURVE('',#2506,#2483,#2514,.T.);
#2514 = LINE('',#2515,#2516);
#2515 = CARTESIAN_POINT('',(2.25,21.,9.));
#2516 = VECTOR('',#2517,1.);
#2517 = DIRECTION('',(0.,1.,0.));
#2518 = ORIENTED_EDGE('',*,*,#2482,.F.);
#2519 = PLANE('',#2520);
#2520 = AXIS2_PLACEMENT_3D('',#2521,#2522,#2523);
#2521 = CARTESIAN_POINT('',(1.5,21.,9.));
#2522 = DIRECTION('',(0.,0.,1.));
#2523 = DIRECTION('',(1.,0.,0.));
#2524 = ADVANCED_FACE('',(#2525),#2536,.F.);
#2525 = FACE_BOUND('',#2526,.F.);
#2526 = EDGE_LOOP('',(#2527,#2528,#2529,#2530));
#2527 = ORIENTED_EDGE('',*,*,#2466,.T.);
#2528 = ORIENTED_EDGE('',*,*,#1103,.T.);
#2529 = ORIENTED_EDGE('',*,*,#2505,.T.);
#2530 = ORIENTED_EDGE('',*,*,#2531,.F.);
#2531 = EDGE_CURVE('',#2459,#2506,#2532,.T.);
#2532 = LINE('',#2533,#2534);
#2533 = CARTESIAN_POINT('',(2.25,21.,7.));
#2534 = VECTOR('',#2535,1.);
#2535 = DIRECTION('',(0.,0.,1.));
#2536 = PLANE('',#2537);
#2537 = AXIS2_PLACEMENT_3D('',#2538,#2539,#2540);
#2538 = CARTESIAN_POINT('',(1.5,21.,7.));
#2539 = DIRECTION('',(0.,1.,0.));
#2540 = DIRECTION('',(0.,0.,1.));
#2541 = ADVANCED_FACE('',(#2542),#2618,.T.);
#2542 = FACE_BOUND('',#2543,.T.);
#2543 = EDGE_LOOP('',(#2544,#2552,#2553,#2554,#2562,#2570,#2576,#2577,
    #2578,#2579,#2587,#2595,#2601,#2602,#2603,#2611));
#2544 = ORIENTED_EDGE('',*,*,#2545,.T.);
#2545 = EDGE_CURVE('',#2546,#1642,#2548,.T.);
#2546 = VERTEX_POINT('',#2547);
#2547 = CARTESIAN_POINT('',(2.3,3.,7.02));
#2548 = LINE('',#2549,#2550);
#2549 = CARTESIAN_POINT('',(2.3,9.,7.02));
#2550 = VECTOR('',#2551,1.);
#2551 = DIRECTION('',(0.,1.,0.));
#2552 = ORIENTED_EDGE('',*,*,#1641,.T.);
#2553 = ORIENTED_EDGE('',*,*,#1072,.T.);
#2554 = ORIENTED_EDGE('',*,*,#2555,.F.);
#2555 = EDGE_CURVE('',#2556,#1065,#2558,.T.);
#2556 = VERTEX_POINT('',#2557);
#2557 = CARTESIAN_POINT('',(2.25,9.,7.02));
#2558 = LINE('',#2559,#2560);
#2559 = CARTESIAN_POINT('',(8.25,9.,7.02));
#2560 = VECTOR('',#2561,1.);
#2561 = DIRECTION('',(-1.,0.,0.));
#2562 = ORIENTED_EDGE('',*,*,#2563,.F.);
#2563 = EDGE_CURVE('',#2564,#2556,#2566,.T.);
#2564 = VERTEX_POINT('',#2565);
#2565 = CARTESIAN_POINT('',(2.25,6.,7.02));
#2566 = LINE('',#2567,#2568);
#2567 = CARTESIAN_POINT('',(2.25,10.5,7.02));
#2568 = VECTOR('',#2569,1.);
#2569 = DIRECTION('',(0.,1.,0.));
#2570 = ORIENTED_EDGE('',*,*,#2571,.T.);
#2571 = EDGE_CURVE('',#2564,#1041,#2572,.T.);
#2572 = LINE('',#2573,#2574);
#2573 = CARTESIAN_POINT('',(8.25,6.,7.02));
#2574 = VECTOR('',#2575,1.);
#2575 = DIRECTION('',(-1.,0.,0.));
#2576 = ORIENTED_EDGE('',*,*,#1040,.T.);
#2577 = ORIENTED_EDGE('',*,*,#1151,.F.);
#2578 = ORIENTED_EDGE('',*,*,#1168,.T.);
#2579 = ORIENTED_EDGE('',*,*,#2580,.T.);
#2580 = EDGE_CURVE('',#1169,#2581,#2583,.T.);
#2581 = VERTEX_POINT('',#2582);
#2582 = CARTESIAN_POINT('',(3.3,2.25,7.02));
#2583 = LINE('',#2584,#2585);
#2584 = CARTESIAN_POINT('',(3.3,8.25,7.02));
#2585 = VECTOR('',#2586,1.);
#2586 = DIRECTION('',(0.,1.,0.));
#2587 = ORIENTED_EDGE('',*,*,#2588,.F.);
#2588 = EDGE_CURVE('',#2589,#2581,#2591,.T.);
#2589 = VERTEX_POINT('',#2590);
#2590 = CARTESIAN_POINT('',(7.6,2.25,7.02));
#2591 = LINE('',#2592,#2593);
#2592 = CARTESIAN_POINT('',(9.15,2.25,7.02));
#2593 = VECTOR('',#2594,1.);
#2594 = DIRECTION('',(-1.,0.,0.));
#2595 = ORIENTED_EDGE('',*,*,#2596,.F.);
#2596 = EDGE_CURVE('',#1251,#2589,#2597,.T.);
#2597 = LINE('',#2598,#2599);
#2598 = CARTESIAN_POINT('',(7.6,8.25,7.02));
#2599 = VECTOR('',#2600,1.);
#2600 = DIRECTION('',(0.,1.,0.));
#2601 = ORIENTED_EDGE('',*,*,#1250,.T.);
#2602 = ORIENTED_EDGE('',*,*,#1553,.T.);
#2603 = ORIENTED_EDGE('',*,*,#2604,.T.);
#2604 = EDGE_CURVE('',#1546,#2605,#2607,.T.);
#2605 = VERTEX_POINT('',#2606);
#2606 = CARTESIAN_POINT('',(3.,2.3,7.02));
#2607 = LINE('',#2608,#2609);
#2608 = CARTESIAN_POINT('',(9.,2.3,7.02));
#2609 = VECTOR('',#2610,1.);
#2610 = DIRECTION('',(-1.,0.,0.));
#2611 = ORIENTED_EDGE('',*,*,#2612,.T.);
#2612 = EDGE_CURVE('',#2605,#2546,#2613,.T.);
#2613 = CIRCLE('',#2614,0.7);
#2614 = AXIS2_PLACEMENT_3D('',#2615,#2616,#2617);
#2615 = CARTESIAN_POINT('',(3.,3.,7.02));
#2616 = DIRECTION('',(0.,0.,-1.));
#2617 = DIRECTION('',(1.,0.,0.));
#2618 = PLANE('',#2619);
#2619 = AXIS2_PLACEMENT_3D('',#2620,#2621,#2622);
#2620 = CARTESIAN_POINT('',(15.,15.,7.02));
#2621 = DIRECTION('',(0.,0.,1.));
#2622 = DIRECTION('',(1.,0.,0.));
#2623 = ADVANCED_FACE('',(#2624),#2642,.T.);
#2624 = FACE_BOUND('',#2625,.T.);
#2625 = EDGE_LOOP('',(#2626,#2627,#2628,#2636));
#2626 = ORIENTED_EDGE('',*,*,#2555,.T.);
#2627 = ORIENTED_EDGE('',*,*,#1064,.T.);
#2628 = ORIENTED_EDGE('',*,*,#2629,.T.);
#2629 = EDGE_CURVE('',#1057,#2630,#2632,.T.);
#2630 = VERTEX_POINT('',#2631);
#2631 = CARTESIAN_POINT('',(2.25,9.,9.));
#2632 = LINE('',#2633,#2634);
#2633 = CARTESIAN_POINT('',(1.5,9.,9.));
#2634 = VECTOR('',#2635,1.);
#2635 = DIRECTION('',(1.,0.,0.));
#2636 = ORIENTED_EDGE('',*,*,#2637,.F.);
#2637 = EDGE_CURVE('',#2556,#2630,#2638,.T.);
#2638 = LINE('',#2639,#2640);
#2639 = CARTESIAN_POINT('',(2.25,9.,7.));
#2640 = VECTOR('',#2641,1.);
#2641 = DIRECTION('',(0.,0.,1.));
#2642 = PLANE('',#2643);
#2643 = AXIS2_PLACEMENT_3D('',#2644,#2645,#2646);
#2644 = CARTESIAN_POINT('',(1.5,9.,7.));
#2645 = DIRECTION('',(0.,1.,0.));
#2646 = DIRECTION('',(0.,0.,1.));
#2647 = ADVANCED_FACE('',(#2648),#2666,.T.);
#2648 = FACE_BOUND('',#2649,.T.);
#2649 = EDGE_LOOP('',(#2650,#2651,#2659,#2665));
#2650 = ORIENTED_EDGE('',*,*,#1056,.F.);
#2651 = ORIENTED_EDGE('',*,*,#2652,.T.);
#2652 = EDGE_CURVE('',#1049,#2653,#2655,.T.);
#2653 = VERTEX_POINT('',#2654);
#2654 = CARTESIAN_POINT('',(2.25,6.,9.));
#2655 = LINE('',#2656,#2657);
#2656 = CARTESIAN_POINT('',(1.5,6.,9.));
#2657 = VECTOR('',#2658,1.);
#2658 = DIRECTION('',(1.,0.,0.));
#2659 = ORIENTED_EDGE('',*,*,#2660,.T.);
#2660 = EDGE_CURVE('',#2653,#2630,#2661,.T.);
#2661 = LINE('',#2662,#2663);
#2662 = CARTESIAN_POINT('',(2.25,6.,9.));
#2663 = VECTOR('',#2664,1.);
#2664 = DIRECTION('',(0.,1.,0.));
#2665 = ORIENTED_EDGE('',*,*,#2629,.F.);
#2666 = PLANE('',#2667);
#2667 = AXIS2_PLACEMENT_3D('',#2668,#2669,#2670);
#2668 = CARTESIAN_POINT('',(1.5,6.,9.));
#2669 = DIRECTION('',(0.,0.,1.));
#2670 = DIRECTION('',(1.,0.,0.));
#2671 = ADVANCED_FACE('',(#2672),#2683,.F.);
#2672 = FACE_BOUND('',#2673,.F.);
#2673 = EDGE_LOOP('',(#2674,#2675,#2676,#2677));
#2674 = ORIENTED_EDGE('',*,*,#2571,.T.);
#2675 = ORIENTED_EDGE('',*,*,#1048,.T.);
#2676 = ORIENTED_EDGE('',*,*,#2652,.T.);
#2677 = ORIENTED_EDGE('',*,*,#2678,.F.);
#2678 = EDGE_CURVE('',#2564,#2653,#2679,.T.);
#2679 = LINE('',#2680,#2681);
#2680 = CARTESIAN_POINT('',(2.25,6.,7.));
#2681 = VECTOR('',#2682,1.);
#2682 = DIRECTION('',(0.,0.,1.));
#2683 = PLANE('',#2684);
#2684 = AXIS2_PLACEMENT_3D('',#2685,#2686,#2687);
#2685 = CARTESIAN_POINT('',(1.5,6.,7.));
#2686 = DIRECTION('',(0.,1.,0.));
#2687 = DIRECTION('',(0.,0.,1.));
#2688 = ADVANCED_FACE('',(#2689),#2707,.F.);
#2689 = FACE_BOUND('',#2690,.F.);
#2690 = EDGE_LOOP('',(#2691,#2692,#2693,#2701));
#2691 = ORIENTED_EDGE('',*,*,#1274,.F.);
#2692 = ORIENTED_EDGE('',*,*,#2580,.T.);
#2693 = ORIENTED_EDGE('',*,*,#2694,.T.);
#2694 = EDGE_CURVE('',#2581,#2695,#2697,.T.);
#2695 = VERTEX_POINT('',#2696);
#2696 = CARTESIAN_POINT('',(3.3,2.25,8.6));
#2697 = LINE('',#2698,#2699);
#2698 = CARTESIAN_POINT('',(3.3,2.25,7.));
#2699 = VECTOR('',#2700,1.);
#2700 = DIRECTION('',(0.,0.,1.));
#2701 = ORIENTED_EDGE('',*,*,#2702,.F.);
#2702 = EDGE_CURVE('',#1267,#2695,#2703,.T.);
#2703 = LINE('',#2704,#2705);
#2704 = CARTESIAN_POINT('',(3.3,1.5,8.6));
#2705 = VECTOR('',#2706,1.);
#2706 = DIRECTION('',(0.,1.,0.));
#2707 = PLANE('',#2708);
#2708 = AXIS2_PLACEMENT_3D('',#2709,#2710,#2711);
#2709 = CARTESIAN_POINT('',(3.3,1.5,7.));
#2710 = DIRECTION('',(1.,0.,0.));
#2711 = DIRECTION('',(0.,0.,1.));
#2712 = ADVANCED_FACE('',(#2713),#2731,.T.);
#2713 = FACE_BOUND('',#2714,.T.);
#2714 = EDGE_LOOP('',(#2715,#2716,#2717,#2725));
#2715 = ORIENTED_EDGE('',*,*,#2702,.F.);
#2716 = ORIENTED_EDGE('',*,*,#1266,.T.);
#2717 = ORIENTED_EDGE('',*,*,#2718,.T.);
#2718 = EDGE_CURVE('',#1259,#2719,#2721,.T.);
#2719 = VERTEX_POINT('',#2720);
#2720 = CARTESIAN_POINT('',(7.6,2.25,8.6));
#2721 = LINE('',#2722,#2723);
#2722 = CARTESIAN_POINT('',(7.6,1.5,8.6));
#2723 = VECTOR('',#2724,1.);
#2724 = DIRECTION('',(0.,1.,0.));
#2725 = ORIENTED_EDGE('',*,*,#2726,.F.);
#2726 = EDGE_CURVE('',#2695,#2719,#2727,.T.);
#2727 = LINE('',#2728,#2729);
#2728 = CARTESIAN_POINT('',(3.3,2.25,8.6));
#2729 = VECTOR('',#2730,1.);
#2730 = DIRECTION('',(1.,0.,0.));
#2731 = PLANE('',#2732);
#2732 = AXIS2_PLACEMENT_3D('',#2733,#2734,#2735);
#2733 = CARTESIAN_POINT('',(3.3,1.5,8.6));
#2734 = DIRECTION('',(0.,0.,1.));
#2735 = DIRECTION('',(1.,0.,0.));
#2736 = ADVANCED_FACE('',(#2737),#2748,.T.);
#2737 = FACE_BOUND('',#2738,.T.);
#2738 = EDGE_LOOP('',(#2739,#2740,#2741,#2747));
#2739 = ORIENTED_EDGE('',*,*,#1258,.F.);
#2740 = ORIENTED_EDGE('',*,*,#2596,.T.);
#2741 = ORIENTED_EDGE('',*,*,#2742,.T.);
#2742 = EDGE_CURVE('',#2589,#2719,#2743,.T.);
#2743 = LINE('',#2744,#2745);
#2744 = CARTESIAN_POINT('',(7.6,2.25,7.));
#2745 = VECTOR('',#2746,1.);
#2746 = DIRECTION('',(0.,0.,1.));
#2747 = ORIENTED_EDGE('',*,*,#2718,.F.);
#2748 = PLANE('',#2749);
#2749 = AXIS2_PLACEMENT_3D('',#2750,#2751,#2752);
#2750 = CARTESIAN_POINT('',(7.6,1.5,7.));
#2751 = DIRECTION('',(1.,0.,0.));
#2752 = DIRECTION('',(0.,0.,1.));
#2753 = ADVANCED_FACE('',(#2754),#2760,.F.);
#2754 = FACE_BOUND('',#2755,.F.);
#2755 = EDGE_LOOP('',(#2756,#2757,#2758,#2759));
#2756 = ORIENTED_EDGE('',*,*,#1521,.F.);
#2757 = ORIENTED_EDGE('',*,*,#1499,.T.);
#2758 = ORIENTED_EDGE('',*,*,#2117,.T.);
#2759 = ORIENTED_EDGE('',*,*,#1234,.F.);
#2760 = PLANE('',#2761);
#2761 = AXIS2_PLACEMENT_3D('',#2762,#2763,#2764);
#2762 = CARTESIAN_POINT('',(8.5,-1.,8.66));
#2763 = DIRECTION('',(0.,0.,1.));
#2764 = DIRECTION('',(1.,0.,0.));
#2765 = ADVANCED_FACE('',(#2766),#2842,.T.);
#2766 = FACE_BOUND('',#2767,.T.);
#2767 = EDGE_LOOP('',(#2768,#2769,#2770,#2778,#2786,#2792,#2793,#2794,
    #2795,#2803,#2811,#2817,#2818,#2819,#2827,#2836));
#2768 = ORIENTED_EDGE('',*,*,#2142,.F.);
#2769 = ORIENTED_EDGE('',*,*,#1218,.T.);
#2770 = ORIENTED_EDGE('',*,*,#2771,.T.);
#2771 = EDGE_CURVE('',#1211,#2772,#2774,.T.);
#2772 = VERTEX_POINT('',#2773);
#2773 = CARTESIAN_POINT('',(22.4,2.25,7.02));
#2774 = LINE('',#2775,#2776);
#2775 = CARTESIAN_POINT('',(22.4,8.25,7.02));
#2776 = VECTOR('',#2777,1.);
#2777 = DIRECTION('',(0.,1.,0.));
#2778 = ORIENTED_EDGE('',*,*,#2779,.F.);
#2779 = EDGE_CURVE('',#2780,#2772,#2782,.T.);
#2780 = VERTEX_POINT('',#2781);
#2781 = CARTESIAN_POINT('',(26.7,2.25,7.02));
#2782 = LINE('',#2783,#2784);
#2783 = CARTESIAN_POINT('',(18.7,2.25,7.02));
#2784 = VECTOR('',#2785,1.);
#2785 = DIRECTION('',(-1.,0.,0.));
#2786 = ORIENTED_EDGE('',*,*,#2787,.F.);
#2787 = EDGE_CURVE('',#1187,#2780,#2788,.T.);
#2788 = LINE('',#2789,#2790);
#2789 = CARTESIAN_POINT('',(26.7,8.25,7.02));
#2790 = VECTOR('',#2791,1.);
#2791 = DIRECTION('',(0.,1.,0.));
#2792 = ORIENTED_EDGE('',*,*,#1186,.T.);
#2793 = ORIENTED_EDGE('',*,*,#1298,.F.);
#2794 = ORIENTED_EDGE('',*,*,#1314,.F.);
#2795 = ORIENTED_EDGE('',*,*,#2796,.T.);
#2796 = EDGE_CURVE('',#1315,#2797,#2799,.T.);
#2797 = VERTEX_POINT('',#2798);
#2798 = CARTESIAN_POINT('',(27.75,6.,7.02));
#2799 = LINE('',#2800,#2801);
#2800 = CARTESIAN_POINT('',(21.375,6.,7.02));
#2801 = VECTOR('',#2802,1.);
#2802 = DIRECTION('',(-1.,0.,0.));
#2803 = ORIENTED_EDGE('',*,*,#2804,.T.);
#2804 = EDGE_CURVE('',#2797,#2805,#2807,.T.);
#2805 = VERTEX_POINT('',#2806);
#2806 = CARTESIAN_POINT('',(27.75,9.,7.02));
#2807 = LINE('',#2808,#2809);
#2808 = CARTESIAN_POINT('',(27.75,10.5,7.02));
#2809 = VECTOR('',#2810,1.);
#2810 = DIRECTION('',(0.,1.,0.));
#2811 = ORIENTED_EDGE('',*,*,#2812,.F.);
#2812 = EDGE_CURVE('',#1339,#2805,#2813,.T.);
#2813 = LINE('',#2814,#2815);
#2814 = CARTESIAN_POINT('',(21.375,9.,7.02));
#2815 = VECTOR('',#2816,1.);
#2816 = DIRECTION('',(-1.,0.,0.));
#2817 = ORIENTED_EDGE('',*,*,#1346,.F.);
#2818 = ORIENTED_EDGE('',*,*,#2004,.T.);
#2819 = ORIENTED_EDGE('',*,*,#2820,.F.);
#2820 = EDGE_CURVE('',#2821,#2005,#2823,.T.);
#2821 = VERTEX_POINT('',#2822);
#2822 = CARTESIAN_POINT('',(27.7,3.,7.02));
#2823 = LINE('',#2824,#2825);
#2824 = CARTESIAN_POINT('',(27.7,9.,7.02));
#2825 = VECTOR('',#2826,1.);
#2826 = DIRECTION('',(0.,1.,0.));
#2827 = ORIENTED_EDGE('',*,*,#2828,.T.);
#2828 = EDGE_CURVE('',#2821,#2829,#2831,.T.);
#2829 = VERTEX_POINT('',#2830);
#2830 = CARTESIAN_POINT('',(27.,2.3,7.02));
#2831 = CIRCLE('',#2832,0.7);
#2832 = AXIS2_PLACEMENT_3D('',#2833,#2834,#2835);
#2833 = CARTESIAN_POINT('',(27.,3.,7.02));
#2834 = DIRECTION('',(0.,0.,-1.));
#2835 = DIRECTION('',(1.,0.,0.));
#2836 = ORIENTED_EDGE('',*,*,#2837,.T.);
#2837 = EDGE_CURVE('',#2829,#2135,#2838,.T.);
#2838 = LINE('',#2839,#2840);
#2839 = CARTESIAN_POINT('',(9.,2.3,7.02));
#2840 = VECTOR('',#2841,1.);
#2841 = DIRECTION('',(-1.,0.,0.));
#2842 = PLANE('',#2843);
#2843 = AXIS2_PLACEMENT_3D('',#2844,#2845,#2846);
#2844 = CARTESIAN_POINT('',(15.,15.,7.02));
#2845 = DIRECTION('',(0.,0.,1.));
#2846 = DIRECTION('',(1.,0.,0.));
#2847 = ADVANCED_FACE('',(#2848),#2866,.F.);
#2848 = FACE_BOUND('',#2849,.F.);
#2849 = EDGE_LOOP('',(#2850,#2851,#2852,#2860));
#2850 = ORIENTED_EDGE('',*,*,#1210,.F.);
#2851 = ORIENTED_EDGE('',*,*,#2771,.T.);
#2852 = ORIENTED_EDGE('',*,*,#2853,.T.);
#2853 = EDGE_CURVE('',#2772,#2854,#2856,.T.);
#2854 = VERTEX_POINT('',#2855);
#2855 = CARTESIAN_POINT('',(22.4,2.25,8.6));
#2856 = LINE('',#2857,#2858);
#2857 = CARTESIAN_POINT('',(22.4,2.25,7.));
#2858 = VECTOR('',#2859,1.);
#2859 = DIRECTION('',(0.,0.,1.));
#2860 = ORIENTED_EDGE('',*,*,#2861,.F.);
#2861 = EDGE_CURVE('',#1203,#2854,#2862,.T.);
#2862 = LINE('',#2863,#2864);
#2863 = CARTESIAN_POINT('',(22.4,1.5,8.6));
#2864 = VECTOR('',#2865,1.);
#2865 = DIRECTION('',(0.,1.,0.));
#2866 = PLANE('',#2867);
#2867 = AXIS2_PLACEMENT_3D('',#2868,#2869,#2870);
#2868 = CARTESIAN_POINT('',(22.4,1.5,7.));
#2869 = DIRECTION('',(1.,0.,0.));
#2870 = DIRECTION('',(0.,0.,1.));
#2871 = ADVANCED_FACE('',(#2872),#2890,.T.);
#2872 = FACE_BOUND('',#2873,.T.);
#2873 = EDGE_LOOP('',(#2874,#2875,#2876,#2884));
#2874 = ORIENTED_EDGE('',*,*,#2861,.F.);
#2875 = ORIENTED_EDGE('',*,*,#1202,.T.);
#2876 = ORIENTED_EDGE('',*,*,#2877,.T.);
#2877 = EDGE_CURVE('',#1195,#2878,#2880,.T.);
#2878 = VERTEX_POINT('',#2879);
#2879 = CARTESIAN_POINT('',(26.7,2.25,8.6));
#2880 = LINE('',#2881,#2882);
#2881 = CARTESIAN_POINT('',(26.7,1.5,8.6));
#2882 = VECTOR('',#2883,1.);
#2883 = DIRECTION('',(0.,1.,0.));
#2884 = ORIENTED_EDGE('',*,*,#2885,.F.);
#2885 = EDGE_CURVE('',#2854,#2878,#2886,.T.);
#2886 = LINE('',#2887,#2888);
#2887 = CARTESIAN_POINT('',(22.4,2.25,8.6));
#2888 = VECTOR('',#2889,1.);
#2889 = DIRECTION('',(1.,0.,0.));
#2890 = PLANE('',#2891);
#2891 = AXIS2_PLACEMENT_3D('',#2892,#2893,#2894);
#2892 = CARTESIAN_POINT('',(22.4,1.5,8.6));
#2893 = DIRECTION('',(0.,0.,1.));
#2894 = DIRECTION('',(1.,0.,0.));
#2895 = ADVANCED_FACE('',(#2896),#2907,.T.);
#2896 = FACE_BOUND('',#2897,.T.);
#2897 = EDGE_LOOP('',(#2898,#2899,#2900,#2906));
#2898 = ORIENTED_EDGE('',*,*,#1194,.F.);
#2899 = ORIENTED_EDGE('',*,*,#2787,.T.);
#2900 = ORIENTED_EDGE('',*,*,#2901,.T.);
#2901 = EDGE_CURVE('',#2780,#2878,#2902,.T.);
#2902 = LINE('',#2903,#2904);
#2903 = CARTESIAN_POINT('',(26.7,2.25,7.));
#2904 = VECTOR('',#2905,1.);
#2905 = DIRECTION('',(0.,0.,1.));
#2906 = ORIENTED_EDGE('',*,*,#2877,.F.);
#2907 = PLANE('',#2908);
#2908 = AXIS2_PLACEMENT_3D('',#2909,#2910,#2911);
#2909 = CARTESIAN_POINT('',(26.7,1.5,7.));
#2910 = DIRECTION('',(1.,0.,0.));
#2911 = DIRECTION('',(0.,0.,1.));
#2912 = ADVANCED_FACE('',(#2913),#2931,.T.);
#2913 = FACE_BOUND('',#2914,.T.);
#2914 = EDGE_LOOP('',(#2915,#2916,#2924,#2930));
#2915 = ORIENTED_EDGE('',*,*,#2373,.T.);
#2916 = ORIENTED_EDGE('',*,*,#2917,.T.);
#2917 = EDGE_CURVE('',#2366,#2918,#2920,.T.);
#2918 = VERTEX_POINT('',#2919);
#2919 = CARTESIAN_POINT('',(27.75,24.,9.));
#2920 = LINE('',#2921,#2922);
#2921 = CARTESIAN_POINT('',(27.75,24.,7.));
#2922 = VECTOR('',#2923,1.);
#2923 = DIRECTION('',(0.,0.,1.));
#2924 = ORIENTED_EDGE('',*,*,#2925,.T.);
#2925 = EDGE_CURVE('',#2918,#1386,#2926,.T.);
#2926 = LINE('',#2927,#2928);
#2927 = CARTESIAN_POINT('',(27.75,24.,9.));
#2928 = VECTOR('',#2929,1.);
#2929 = DIRECTION('',(1.,0.,0.));
#2930 = ORIENTED_EDGE('',*,*,#1393,.F.);
#2931 = PLANE('',#2932);
#2932 = AXIS2_PLACEMENT_3D('',#2933,#2934,#2935);
#2933 = CARTESIAN_POINT('',(27.75,24.,7.));
#2934 = DIRECTION('',(0.,1.,0.));
#2935 = DIRECTION('',(0.,0.,1.));
#2936 = ADVANCED_FACE('',(#2937),#2955,.T.);
#2937 = FACE_BOUND('',#2938,.T.);
#2938 = EDGE_LOOP('',(#2939,#2947,#2953,#2954));
#2939 = ORIENTED_EDGE('',*,*,#2940,.F.);
#2940 = EDGE_CURVE('',#2941,#2918,#2943,.T.);
#2941 = VERTEX_POINT('',#2942);
#2942 = CARTESIAN_POINT('',(27.75,21.,9.));
#2943 = LINE('',#2944,#2945);
#2944 = CARTESIAN_POINT('',(27.75,21.,9.));
#2945 = VECTOR('',#2946,1.);
#2946 = DIRECTION('',(0.,1.,0.));
#2947 = ORIENTED_EDGE('',*,*,#2948,.T.);
#2948 = EDGE_CURVE('',#2941,#1378,#2949,.T.);
#2949 = LINE('',#2950,#2951);
#2950 = CARTESIAN_POINT('',(27.75,21.,9.));
#2951 = VECTOR('',#2952,1.);
#2952 = DIRECTION('',(1.,0.,0.));
#2953 = ORIENTED_EDGE('',*,*,#1385,.T.);
#2954 = ORIENTED_EDGE('',*,*,#2925,.F.);
#2955 = PLANE('',#2956);
#2956 = AXIS2_PLACEMENT_3D('',#2957,#2958,#2959);
#2957 = CARTESIAN_POINT('',(27.75,21.,9.));
#2958 = DIRECTION('',(0.,0.,1.));
#2959 = DIRECTION('',(1.,0.,0.));
#2960 = ADVANCED_FACE('',(#2961),#2972,.F.);
#2961 = FACE_BOUND('',#2962,.F.);
#2962 = EDGE_LOOP('',(#2963,#2964,#2970,#2971));
#2963 = ORIENTED_EDGE('',*,*,#2357,.T.);
#2964 = ORIENTED_EDGE('',*,*,#2965,.T.);
#2965 = EDGE_CURVE('',#2358,#2941,#2966,.T.);
#2966 = LINE('',#2967,#2968);
#2967 = CARTESIAN_POINT('',(27.75,21.,7.));
#2968 = VECTOR('',#2969,1.);
#2969 = DIRECTION('',(0.,0.,1.));
#2970 = ORIENTED_EDGE('',*,*,#2948,.T.);
#2971 = ORIENTED_EDGE('',*,*,#1377,.F.);
#2972 = PLANE('',#2973);
#2973 = AXIS2_PLACEMENT_3D('',#2974,#2975,#2976);
#2974 = CARTESIAN_POINT('',(27.75,21.,7.));
#2975 = DIRECTION('',(0.,1.,0.));
#2976 = DIRECTION('',(0.,0.,1.));
#2977 = ADVANCED_FACE('',(#2978),#2996,.T.);
#2978 = FACE_BOUND('',#2979,.T.);
#2979 = EDGE_LOOP('',(#2980,#2981,#2989,#2995));
#2980 = ORIENTED_EDGE('',*,*,#2812,.T.);
#2981 = ORIENTED_EDGE('',*,*,#2982,.T.);
#2982 = EDGE_CURVE('',#2805,#2983,#2985,.T.);
#2983 = VERTEX_POINT('',#2984);
#2984 = CARTESIAN_POINT('',(27.75,9.,9.));
#2985 = LINE('',#2986,#2987);
#2986 = CARTESIAN_POINT('',(27.75,9.,7.));
#2987 = VECTOR('',#2988,1.);
#2988 = DIRECTION('',(0.,0.,1.));
#2989 = ORIENTED_EDGE('',*,*,#2990,.T.);
#2990 = EDGE_CURVE('',#2983,#1331,#2991,.T.);
#2991 = LINE('',#2992,#2993);
#2992 = CARTESIAN_POINT('',(27.75,9.,9.));
#2993 = VECTOR('',#2994,1.);
#2994 = DIRECTION('',(1.,0.,0.));
#2995 = ORIENTED_EDGE('',*,*,#1338,.F.);
#2996 = PLANE('',#2997);
#2997 = AXIS2_PLACEMENT_3D('',#2998,#2999,#3000);
#2998 = CARTESIAN_POINT('',(27.75,9.,7.));
#2999 = DIRECTION('',(0.,1.,0.));
#3000 = DIRECTION('',(0.,0.,1.));
#3001 = ADVANCED_FACE('',(#3002),#3020,.T.);
#3002 = FACE_BOUND('',#3003,.T.);
#3003 = EDGE_LOOP('',(#3004,#3012,#3018,#3019));
#3004 = ORIENTED_EDGE('',*,*,#3005,.F.);
#3005 = EDGE_CURVE('',#3006,#2983,#3008,.T.);
#3006 = VERTEX_POINT('',#3007);
#3007 = CARTESIAN_POINT('',(27.75,6.,9.));
#3008 = LINE('',#3009,#3010);
#3009 = CARTESIAN_POINT('',(27.75,6.,9.));
#3010 = VECTOR('',#3011,1.);
#3011 = DIRECTION('',(0.,1.,0.));
#3012 = ORIENTED_EDGE('',*,*,#3013,.T.);
#3013 = EDGE_CURVE('',#3006,#1323,#3014,.T.);
#3014 = LINE('',#3015,#3016);
#3015 = CARTESIAN_POINT('',(27.75,6.,9.));
#3016 = VECTOR('',#3017,1.);
#3017 = DIRECTION('',(1.,0.,0.));
#3018 = ORIENTED_EDGE('',*,*,#1330,.T.);
#3019 = ORIENTED_EDGE('',*,*,#2990,.F.);
#3020 = PLANE('',#3021);
#3021 = AXIS2_PLACEMENT_3D('',#3022,#3023,#3024);
#3022 = CARTESIAN_POINT('',(27.75,6.,9.));
#3023 = DIRECTION('',(0.,0.,1.));
#3024 = DIRECTION('',(1.,0.,0.));
#3025 = ADVANCED_FACE('',(#3026),#3037,.F.);
#3026 = FACE_BOUND('',#3027,.F.);
#3027 = EDGE_LOOP('',(#3028,#3029,#3035,#3036));
#3028 = ORIENTED_EDGE('',*,*,#2796,.T.);
#3029 = ORIENTED_EDGE('',*,*,#3030,.T.);
#3030 = EDGE_CURVE('',#2797,#3006,#3031,.T.);
#3031 = LINE('',#3032,#3033);
#3032 = CARTESIAN_POINT('',(27.75,6.,7.));
#3033 = VECTOR('',#3034,1.);
#3034 = DIRECTION('',(0.,0.,1.));
#3035 = ORIENTED_EDGE('',*,*,#3013,.T.);
#3036 = ORIENTED_EDGE('',*,*,#1322,.F.);
#3037 = PLANE('',#3038);
#3038 = AXIS2_PLACEMENT_3D('',#3039,#3040,#3041);
#3039 = CARTESIAN_POINT('',(27.75,6.,7.));
#3040 = DIRECTION('',(0.,1.,0.));
#3041 = DIRECTION('',(0.,0.,1.));
#3042 = ADVANCED_FACE('',(#3043,#3046),#3057,.F.);
#3043 = FACE_BOUND('',#3044,.F.);
#3044 = EDGE_LOOP('',(#3045));
#3045 = ORIENTED_EDGE('',*,*,#1426,.T.);
#3046 = FACE_BOUND('',#3047,.F.);
#3047 = EDGE_LOOP('',(#3048));
#3048 = ORIENTED_EDGE('',*,*,#3049,.T.);
#3049 = EDGE_CURVE('',#3050,#3050,#3052,.T.);
#3050 = VERTEX_POINT('',#3051);
#3051 = CARTESIAN_POINT('',(27.,15.,24.5));
#3052 = CIRCLE('',#3053,12.);
#3053 = AXIS2_PLACEMENT_3D('',#3054,#3055,#3056);
#3054 = CARTESIAN_POINT('',(15.,15.,24.5));
#3055 = DIRECTION('',(0.,0.,-1.));
#3056 = DIRECTION('',(1.,0.,0.));
#3057 = PLANE('',#3058);
#3058 = AXIS2_PLACEMENT_3D('',#3059,#3060,#3061);
#3059 = CARTESIAN_POINT('',(15.,15.,24.5));
#3060 = DIRECTION('',(0.,0.,1.));
#3061 = DIRECTION('',(1.,0.,0.));
#3062 = ADVANCED_FACE('',(#3063,#3073),#3084,.T.);
#3063 = FACE_BOUND('',#3064,.T.);
#3064 = EDGE_LOOP('',(#3065,#3066,#3067,#3068,#3069,#3070,#3071,#3072));
#3065 = ORIENTED_EDGE('',*,*,#1459,.T.);
#3066 = ORIENTED_EDGE('',*,*,#1476,.T.);
#3067 = ORIENTED_EDGE('',*,*,#2167,.T.);
#3068 = ORIENTED_EDGE('',*,*,#2192,.T.);
#3069 = ORIENTED_EDGE('',*,*,#2208,.T.);
#3070 = ORIENTED_EDGE('',*,*,#2240,.F.);
#3071 = ORIENTED_EDGE('',*,*,#2257,.T.);
#3072 = ORIENTED_EDGE('',*,*,#2283,.F.);
#3073 = FACE_BOUND('',#3074,.T.);
#3074 = EDGE_LOOP('',(#3075));
#3075 = ORIENTED_EDGE('',*,*,#3076,.T.);
#3076 = EDGE_CURVE('',#3077,#3077,#3079,.T.);
#3077 = VERTEX_POINT('',#3078);
#3078 = CARTESIAN_POINT('',(27.,15.,25.));
#3079 = CIRCLE('',#3080,12.);
#3080 = AXIS2_PLACEMENT_3D('',#3081,#3082,#3083);
#3081 = CARTESIAN_POINT('',(15.,15.,25.));
#3082 = DIRECTION('',(0.,0.,-1.));
#3083 = DIRECTION('',(1.,0.,0.));
#3084 = PLANE('',#3085);
#3085 = AXIS2_PLACEMENT_3D('',#3086,#3087,#3088);
#3086 = CARTESIAN_POINT('',(15.,15.,25.));
#3087 = DIRECTION('',(0.,0.,1.));
#3088 = DIRECTION('',(1.,0.,0.));
#3089 = ADVANCED_FACE('',(#3090),#3108,.T.);
#3090 = FACE_BOUND('',#3091,.T.);
#3091 = EDGE_LOOP('',(#3092,#3100,#3106,#3107));
#3092 = ORIENTED_EDGE('',*,*,#3093,.F.);
#3093 = EDGE_CURVE('',#3094,#1538,#3096,.T.);
#3094 = VERTEX_POINT('',#3095);
#3095 = CARTESIAN_POINT('',(3.,2.3,5.4));
#3096 = LINE('',#3097,#3098);
#3097 = CARTESIAN_POINT('',(9.,2.3,5.4));
#3098 = VECTOR('',#3099,1.);
#3099 = DIRECTION('',(1.,0.,0.));
#3100 = ORIENTED_EDGE('',*,*,#3101,.T.);
#3101 = EDGE_CURVE('',#3094,#2605,#3102,.T.);
#3102 = LINE('',#3103,#3104);
#3103 = CARTESIAN_POINT('',(3.,2.3,5.39));
#3104 = VECTOR('',#3105,1.);
#3105 = DIRECTION('',(0.,0.,1.));
#3106 = ORIENTED_EDGE('',*,*,#2604,.F.);
#3107 = ORIENTED_EDGE('',*,*,#1545,.T.);
#3108 = PLANE('',#3109);
#3109 = AXIS2_PLACEMENT_3D('',#3110,#3111,#3112);
#3110 = CARTESIAN_POINT('',(3.,2.3,5.39));
#3111 = DIRECTION('',(0.,1.,0.));
#3112 = DIRECTION('',(0.,0.,1.));
#3113 = ADVANCED_FACE('',(#3114),#3137,.T.);
#3114 = FACE_BOUND('',#3115,.T.);
#3115 = EDGE_LOOP('',(#3116,#3117,#3118,#3119,#3127,#3134,#3135,#3136));
#3116 = ORIENTED_EDGE('',*,*,#1593,.F.);
#3117 = ORIENTED_EDGE('',*,*,#1618,.T.);
#3118 = ORIENTED_EDGE('',*,*,#1657,.T.);
#3119 = ORIENTED_EDGE('',*,*,#3120,.T.);
#3120 = EDGE_CURVE('',#1650,#3121,#3123,.T.);
#3121 = VERTEX_POINT('',#3122);
#3122 = CARTESIAN_POINT('',(2.3,3.,5.4));
#3123 = LINE('',#3124,#3125);
#3124 = CARTESIAN_POINT('',(2.3,9.,5.4));
#3125 = VECTOR('',#3126,1.);
#3126 = DIRECTION('',(0.,-1.,0.));
#3127 = ORIENTED_EDGE('',*,*,#3128,.F.);
#3128 = EDGE_CURVE('',#3094,#3121,#3129,.T.);
#3129 = CIRCLE('',#3130,0.7);
#3130 = AXIS2_PLACEMENT_3D('',#3131,#3132,#3133);
#3131 = CARTESIAN_POINT('',(3.,3.,5.4));
#3132 = DIRECTION('',(0.,0.,-1.));
#3133 = DIRECTION('',(1.,0.,0.));
#3134 = ORIENTED_EDGE('',*,*,#3093,.T.);
#3135 = ORIENTED_EDGE('',*,*,#1537,.T.);
#3136 = ORIENTED_EDGE('',*,*,#1568,.F.);
#3137 = PLANE('',#3138);
#3138 = AXIS2_PLACEMENT_3D('',#3139,#3140,#3141);
#3139 = CARTESIAN_POINT('',(15.,15.,5.4));
#3140 = DIRECTION('',(-0.,-0.,-1.));
#3141 = DIRECTION('',(-1.,0.,0.));
#3142 = ADVANCED_FACE('',(#3143),#3154,.T.);
#3143 = FACE_BOUND('',#3144,.T.);
#3144 = EDGE_LOOP('',(#3145,#3151,#3152,#3153));
#3145 = ORIENTED_EDGE('',*,*,#3146,.F.);
#3146 = EDGE_CURVE('',#3121,#2546,#3147,.T.);
#3147 = LINE('',#3148,#3149);
#3148 = CARTESIAN_POINT('',(2.3,3.,5.39));
#3149 = VECTOR('',#3150,1.);
#3150 = DIRECTION('',(0.,0.,1.));
#3151 = ORIENTED_EDGE('',*,*,#3120,.F.);
#3152 = ORIENTED_EDGE('',*,*,#1649,.T.);
#3153 = ORIENTED_EDGE('',*,*,#2545,.F.);
#3154 = PLANE('',#3155);
#3155 = AXIS2_PLACEMENT_3D('',#3156,#3157,#3158);
#3156 = CARTESIAN_POINT('',(2.3,3.,5.39));
#3157 = DIRECTION('',(1.,0.,0.));
#3158 = DIRECTION('',(0.,0.,1.));
#3159 = ADVANCED_FACE('',(#3160),#3182,.T.);
#3160 = FACE_BOUND('',#3161,.T.);
#3161 = EDGE_LOOP('',(#3162,#3163,#3164,#3165,#3166,#3167,#3176));
#3162 = ORIENTED_EDGE('',*,*,#1690,.F.);
#3163 = ORIENTED_EDGE('',*,*,#1715,.T.);
#3164 = ORIENTED_EDGE('',*,*,#1738,.F.);
#3165 = ORIENTED_EDGE('',*,*,#1763,.T.);
#3166 = ORIENTED_EDGE('',*,*,#1804,.F.);
#3167 = ORIENTED_EDGE('',*,*,#3168,.F.);
#3168 = EDGE_CURVE('',#3169,#1797,#3171,.T.);
#3169 = VERTEX_POINT('',#3170);
#3170 = CARTESIAN_POINT('',(2.3,27.,5.4));
#3171 = CIRCLE('',#3172,0.7);
#3172 = AXIS2_PLACEMENT_3D('',#3173,#3174,#3175);
#3173 = CARTESIAN_POINT('',(3.,27.,5.4));
#3174 = DIRECTION('',(0.,0.,-1.));
#3175 = DIRECTION('',(1.,0.,0.));
#3176 = ORIENTED_EDGE('',*,*,#3177,.T.);
#3177 = EDGE_CURVE('',#3169,#1683,#3178,.T.);
#3178 = LINE('',#3179,#3180);
#3179 = CARTESIAN_POINT('',(2.3,9.,5.4));
#3180 = VECTOR('',#3181,1.);
#3181 = DIRECTION('',(0.,-1.,0.));
#3182 = PLANE('',#3183);
#3183 = AXIS2_PLACEMENT_3D('',#3184,#3185,#3186);
#3184 = CARTESIAN_POINT('',(15.,15.,5.4));
#3185 = DIRECTION('',(-0.,-0.,-1.));
#3186 = DIRECTION('',(-1.,0.,0.));
#3187 = ADVANCED_FACE('',(#3188),#3199,.T.);
#3188 = FACE_BOUND('',#3189,.T.);
#3189 = EDGE_LOOP('',(#3190,#3191,#3192,#3198));
#3190 = ORIENTED_EDGE('',*,*,#1682,.F.);
#3191 = ORIENTED_EDGE('',*,*,#3177,.F.);
#3192 = ORIENTED_EDGE('',*,*,#3193,.T.);
#3193 = EDGE_CURVE('',#3169,#2433,#3194,.T.);
#3194 = LINE('',#3195,#3196);
#3195 = CARTESIAN_POINT('',(2.3,27.,5.39));
#3196 = VECTOR('',#3197,1.);
#3197 = DIRECTION('',(0.,0.,1.));
#3198 = ORIENTED_EDGE('',*,*,#2432,.F.);
#3199 = PLANE('',#3200);
#3200 = AXIS2_PLACEMENT_3D('',#3201,#3202,#3203);
#3201 = CARTESIAN_POINT('',(2.3,3.,5.39));
#3202 = DIRECTION('',(1.,0.,0.));
#3203 = DIRECTION('',(0.,0.,1.));
#3204 = ADVANCED_FACE('',(#3205),#3211,.F.);
#3205 = FACE_BOUND('',#3206,.T.);
#3206 = EDGE_LOOP('',(#3207,#3208,#3209,#3210));
#3207 = ORIENTED_EDGE('',*,*,#3193,.F.);
#3208 = ORIENTED_EDGE('',*,*,#3168,.T.);
#3209 = ORIENTED_EDGE('',*,*,#1796,.F.);
#3210 = ORIENTED_EDGE('',*,*,#2440,.F.);
#3211 = CYLINDRICAL_SURFACE('',#3212,0.7);
#3212 = AXIS2_PLACEMENT_3D('',#3213,#3214,#3215);
#3213 = CARTESIAN_POINT('',(3.,27.,5.39));
#3214 = DIRECTION('',(-0.,-0.,-1.));
#3215 = DIRECTION('',(1.,0.,0.));
#3216 = ADVANCED_FACE('',(#3217),#3236,.F.);
#3217 = FACE_BOUND('',#3218,.T.);
#3218 = EDGE_LOOP('',(#3219,#3220,#3229,#3235));
#3219 = ORIENTED_EDGE('',*,*,#1884,.T.);
#3220 = ORIENTED_EDGE('',*,*,#3221,.T.);
#3221 = EDGE_CURVE('',#1876,#3222,#3224,.T.);
#3222 = VERTEX_POINT('',#3223);
#3223 = CARTESIAN_POINT('',(27.7,27.,5.4));
#3224 = CIRCLE('',#3225,0.7);
#3225 = AXIS2_PLACEMENT_3D('',#3226,#3227,#3228);
#3226 = CARTESIAN_POINT('',(27.,27.,5.4));
#3227 = DIRECTION('',(0.,0.,-1.));
#3228 = DIRECTION('',(1.,0.,0.));
#3229 = ORIENTED_EDGE('',*,*,#3230,.T.);
#3230 = EDGE_CURVE('',#3222,#2383,#3231,.T.);
#3231 = LINE('',#3232,#3233);
#3232 = CARTESIAN_POINT('',(27.7,27.,5.39));
#3233 = VECTOR('',#3234,1.);
#3234 = DIRECTION('',(0.,0.,1.));
#3235 = ORIENTED_EDGE('',*,*,#2382,.F.);
#3236 = CYLINDRICAL_SURFACE('',#3237,0.7);
#3237 = AXIS2_PLACEMENT_3D('',#3238,#3239,#3240);
#3238 = CARTESIAN_POINT('',(27.,27.,5.39));
#3239 = DIRECTION('',(-0.,-0.,-1.));
#3240 = DIRECTION('',(1.,0.,0.));
#3241 = ADVANCED_FACE('',(#3242),#3256,.T.);
#3242 = FACE_BOUND('',#3243,.T.);
#3243 = EDGE_LOOP('',(#3244,#3245,#3246,#3252,#3253,#3254,#3255));
#3244 = ORIENTED_EDGE('',*,*,#1955,.F.);
#3245 = ORIENTED_EDGE('',*,*,#1982,.F.);
#3246 = ORIENTED_EDGE('',*,*,#3247,.F.);
#3247 = EDGE_CURVE('',#3222,#1983,#3248,.T.);
#3248 = LINE('',#3249,#3250);
#3249 = CARTESIAN_POINT('',(27.7,9.,5.4));
#3250 = VECTOR('',#3251,1.);
#3251 = DIRECTION('',(0.,-1.,0.));
#3252 = ORIENTED_EDGE('',*,*,#3221,.F.);
#3253 = ORIENTED_EDGE('',*,*,#1875,.F.);
#3254 = ORIENTED_EDGE('',*,*,#1898,.T.);
#3255 = ORIENTED_EDGE('',*,*,#1922,.F.);
#3256 = PLANE('',#3257);
#3257 = AXIS2_PLACEMENT_3D('',#3258,#3259,#3260);
#3258 = CARTESIAN_POINT('',(15.,15.,5.4));
#3259 = DIRECTION('',(-0.,-0.,-1.));
#3260 = DIRECTION('',(-1.,0.,0.));
#3261 = ADVANCED_FACE('',(#3262),#3268,.F.);
#3262 = FACE_BOUND('',#3263,.F.);
#3263 = EDGE_LOOP('',(#3264,#3265,#3266,#3267));
#3264 = ORIENTED_EDGE('',*,*,#1990,.F.);
#3265 = ORIENTED_EDGE('',*,*,#3247,.F.);
#3266 = ORIENTED_EDGE('',*,*,#3230,.T.);
#3267 = ORIENTED_EDGE('',*,*,#2391,.F.);
#3268 = PLANE('',#3269);
#3269 = AXIS2_PLACEMENT_3D('',#3270,#3271,#3272);
#3270 = CARTESIAN_POINT('',(27.7,3.,5.39));
#3271 = DIRECTION('',(1.,0.,0.));
#3272 = DIRECTION('',(0.,0.,1.));
#3273 = ADVANCED_FACE('',(#3274),#3292,.F.);
#3274 = FACE_BOUND('',#3275,.F.);
#3275 = EDGE_LOOP('',(#3276,#3284,#3290,#3291));
#3276 = ORIENTED_EDGE('',*,*,#3277,.F.);
#3277 = EDGE_CURVE('',#3278,#2821,#3280,.T.);
#3278 = VERTEX_POINT('',#3279);
#3279 = CARTESIAN_POINT('',(27.7,3.,5.4));
#3280 = LINE('',#3281,#3282);
#3281 = CARTESIAN_POINT('',(27.7,3.,5.39));
#3282 = VECTOR('',#3283,1.);
#3283 = DIRECTION('',(0.,0.,1.));
#3284 = ORIENTED_EDGE('',*,*,#3285,.F.);
#3285 = EDGE_CURVE('',#2023,#3278,#3286,.T.);
#3286 = LINE('',#3287,#3288);
#3287 = CARTESIAN_POINT('',(27.7,9.,5.4));
#3288 = VECTOR('',#3289,1.);
#3289 = DIRECTION('',(0.,-1.,0.));
#3290 = ORIENTED_EDGE('',*,*,#2030,.T.);
#3291 = ORIENTED_EDGE('',*,*,#2820,.F.);
#3292 = PLANE('',#3293);
#3293 = AXIS2_PLACEMENT_3D('',#3294,#3295,#3296);
#3294 = CARTESIAN_POINT('',(27.7,3.,5.39));
#3295 = DIRECTION('',(1.,0.,0.));
#3296 = DIRECTION('',(0.,0.,1.));
#3297 = ADVANCED_FACE('',(#3298),#3321,.T.);
#3298 = FACE_BOUND('',#3299,.T.);
#3299 = EDGE_LOOP('',(#3300,#3301,#3302,#3310,#3317,#3318,#3319,#3320));
#3300 = ORIENTED_EDGE('',*,*,#2093,.F.);
#3301 = ORIENTED_EDGE('',*,*,#2126,.F.);
#3302 = ORIENTED_EDGE('',*,*,#3303,.T.);
#3303 = EDGE_CURVE('',#2127,#3304,#3306,.T.);
#3304 = VERTEX_POINT('',#3305);
#3305 = CARTESIAN_POINT('',(27.,2.3,5.4));
#3306 = LINE('',#3307,#3308);
#3307 = CARTESIAN_POINT('',(9.,2.3,5.4));
#3308 = VECTOR('',#3309,1.);
#3309 = DIRECTION('',(1.,0.,0.));
#3310 = ORIENTED_EDGE('',*,*,#3311,.F.);
#3311 = EDGE_CURVE('',#3278,#3304,#3312,.T.);
#3312 = CIRCLE('',#3313,0.7);
#3313 = AXIS2_PLACEMENT_3D('',#3314,#3315,#3316);
#3314 = CARTESIAN_POINT('',(27.,3.,5.4));
#3315 = DIRECTION('',(0.,0.,-1.));
#3316 = DIRECTION('',(1.,0.,0.));
#3317 = ORIENTED_EDGE('',*,*,#3285,.F.);
#3318 = ORIENTED_EDGE('',*,*,#2022,.T.);
#3319 = ORIENTED_EDGE('',*,*,#2052,.F.);
#3320 = ORIENTED_EDGE('',*,*,#2069,.F.);
#3321 = PLANE('',#3322);
#3322 = AXIS2_PLACEMENT_3D('',#3323,#3324,#3325);
#3323 = CARTESIAN_POINT('',(15.,15.,5.4));
#3324 = DIRECTION('',(-0.,-0.,-1.));
#3325 = DIRECTION('',(-1.,0.,0.));
#3326 = ADVANCED_FACE('',(#3327),#3338,.T.);
#3327 = FACE_BOUND('',#3328,.T.);
#3328 = EDGE_LOOP('',(#3329,#3330,#3331,#3332));
#3329 = ORIENTED_EDGE('',*,*,#3303,.F.);
#3330 = ORIENTED_EDGE('',*,*,#2134,.F.);
#3331 = ORIENTED_EDGE('',*,*,#2837,.F.);
#3332 = ORIENTED_EDGE('',*,*,#3333,.F.);
#3333 = EDGE_CURVE('',#3304,#2829,#3334,.T.);
#3334 = LINE('',#3335,#3336);
#3335 = CARTESIAN_POINT('',(27.,2.3,5.39));
#3336 = VECTOR('',#3337,1.);
#3337 = DIRECTION('',(0.,0.,1.));
#3338 = PLANE('',#3339);
#3339 = AXIS2_PLACEMENT_3D('',#3340,#3341,#3342);
#3340 = CARTESIAN_POINT('',(3.,2.3,5.39));
#3341 = DIRECTION('',(0.,1.,0.));
#3342 = DIRECTION('',(0.,0.,1.));
#3343 = ADVANCED_FACE('',(#3344),#3350,.F.);
#3344 = FACE_BOUND('',#3345,.F.);
#3345 = EDGE_LOOP('',(#3346,#3347,#3348,#3349));
#3346 = ORIENTED_EDGE('',*,*,#2965,.F.);
#3347 = ORIENTED_EDGE('',*,*,#2365,.T.);
#3348 = ORIENTED_EDGE('',*,*,#2917,.T.);
#3349 = ORIENTED_EDGE('',*,*,#2940,.F.);
#3350 = PLANE('',#3351);
#3351 = AXIS2_PLACEMENT_3D('',#3352,#3353,#3354);
#3352 = CARTESIAN_POINT('',(27.75,21.,7.));
#3353 = DIRECTION('',(1.,0.,0.));
#3354 = DIRECTION('',(0.,0.,1.));
#3355 = ADVANCED_FACE('',(#3356),#3359,.F.);
#3356 = FACE_BOUND('',#3357,.T.);
#3357 = EDGE_LOOP('',(#3358));
#3358 = ORIENTED_EDGE('',*,*,#2414,.F.);
#3359 = PLANE('',#3360);
#3360 = AXIS2_PLACEMENT_3D('',#3361,#3362,#3363);
#3361 = CARTESIAN_POINT('',(24.8,27.3,13.2));
#3362 = DIRECTION('',(0.,0.,1.));
#3363 = DIRECTION('',(1.,0.,0.));
#3364 = ADVANCED_FACE('',(#3365),#3371,.T.);
#3365 = FACE_BOUND('',#3366,.T.);
#3366 = EDGE_LOOP('',(#3367,#3368,#3369,#3370));
#3367 = ORIENTED_EDGE('',*,*,#2531,.F.);
#3368 = ORIENTED_EDGE('',*,*,#2458,.T.);
#3369 = ORIENTED_EDGE('',*,*,#2490,.T.);
#3370 = ORIENTED_EDGE('',*,*,#2513,.F.);
#3371 = PLANE('',#3372);
#3372 = AXIS2_PLACEMENT_3D('',#3373,#3374,#3375);
#3373 = CARTESIAN_POINT('',(2.25,21.,7.));
#3374 = DIRECTION('',(1.,0.,0.));
#3375 = DIRECTION('',(0.,0.,1.));
#3376 = ADVANCED_FACE('',(#3377),#3383,.F.);
#3377 = FACE_BOUND('',#3378,.T.);
#3378 = EDGE_LOOP('',(#3379,#3380,#3381,#3382));
#3379 = ORIENTED_EDGE('',*,*,#3101,.F.);
#3380 = ORIENTED_EDGE('',*,*,#3128,.T.);
#3381 = ORIENTED_EDGE('',*,*,#3146,.T.);
#3382 = ORIENTED_EDGE('',*,*,#2612,.F.);
#3383 = CYLINDRICAL_SURFACE('',#3384,0.7);
#3384 = AXIS2_PLACEMENT_3D('',#3385,#3386,#3387);
#3385 = CARTESIAN_POINT('',(3.,3.,5.39));
#3386 = DIRECTION('',(-0.,-0.,-1.));
#3387 = DIRECTION('',(1.,0.,0.));
#3388 = ADVANCED_FACE('',(#3389),#3395,.T.);
#3389 = FACE_BOUND('',#3390,.T.);
#3390 = EDGE_LOOP('',(#3391,#3392,#3393,#3394));
#3391 = ORIENTED_EDGE('',*,*,#2742,.F.);
#3392 = ORIENTED_EDGE('',*,*,#2588,.T.);
#3393 = ORIENTED_EDGE('',*,*,#2694,.T.);
#3394 = ORIENTED_EDGE('',*,*,#2726,.T.);
#3395 = PLANE('',#3396);
#3396 = AXIS2_PLACEMENT_3D('',#3397,#3398,#3399);
#3397 = CARTESIAN_POINT('',(3.3,2.25,7.));
#3398 = DIRECTION('',(0.,1.,0.));
#3399 = DIRECTION('',(0.,0.,1.));
#3400 = ADVANCED_FACE('',(#3401),#3407,.T.);
#3401 = FACE_BOUND('',#3402,.T.);
#3402 = EDGE_LOOP('',(#3403,#3404,#3405,#3406));
#3403 = ORIENTED_EDGE('',*,*,#2678,.F.);
#3404 = ORIENTED_EDGE('',*,*,#2563,.T.);
#3405 = ORIENTED_EDGE('',*,*,#2637,.T.);
#3406 = ORIENTED_EDGE('',*,*,#2660,.F.);
#3407 = PLANE('',#3408);
#3408 = AXIS2_PLACEMENT_3D('',#3409,#3410,#3411);
#3409 = CARTESIAN_POINT('',(2.25,6.,7.));
#3410 = DIRECTION('',(1.,0.,0.));
#3411 = DIRECTION('',(0.,0.,1.));
#3412 = ADVANCED_FACE('',(#3413),#3419,.F.);
#3413 = FACE_BOUND('',#3414,.T.);
#3414 = EDGE_LOOP('',(#3415,#3416,#3417,#3418));
#3415 = ORIENTED_EDGE('',*,*,#3277,.F.);
#3416 = ORIENTED_EDGE('',*,*,#3311,.T.);
#3417 = ORIENTED_EDGE('',*,*,#3333,.T.);
#3418 = ORIENTED_EDGE('',*,*,#2828,.F.);
#3419 = CYLINDRICAL_SURFACE('',#3420,0.7);
#3420 = AXIS2_PLACEMENT_3D('',#3421,#3422,#3423);
#3421 = CARTESIAN_POINT('',(27.,3.,5.39));
#3422 = DIRECTION('',(-0.,-0.,-1.));
#3423 = DIRECTION('',(1.,0.,0.));
#3424 = ADVANCED_FACE('',(#3425),#3431,.F.);
#3425 = FACE_BOUND('',#3426,.F.);
#3426 = EDGE_LOOP('',(#3427,#3428,#3429,#3430));
#3427 = ORIENTED_EDGE('',*,*,#3030,.F.);
#3428 = ORIENTED_EDGE('',*,*,#2804,.T.);
#3429 = ORIENTED_EDGE('',*,*,#2982,.T.);
#3430 = ORIENTED_EDGE('',*,*,#3005,.F.);
#3431 = PLANE('',#3432);
#3432 = AXIS2_PLACEMENT_3D('',#3433,#3434,#3435);
#3433 = CARTESIAN_POINT('',(27.75,6.,7.));
#3434 = DIRECTION('',(1.,0.,0.));
#3435 = DIRECTION('',(0.,0.,1.));
#3436 = ADVANCED_FACE('',(#3437),#3443,.T.);
#3437 = FACE_BOUND('',#3438,.T.);
#3438 = EDGE_LOOP('',(#3439,#3440,#3441,#3442));
#3439 = ORIENTED_EDGE('',*,*,#2901,.F.);
#3440 = ORIENTED_EDGE('',*,*,#2779,.T.);
#3441 = ORIENTED_EDGE('',*,*,#2853,.T.);
#3442 = ORIENTED_EDGE('',*,*,#2885,.T.);
#3443 = PLANE('',#3444);
#3444 = AXIS2_PLACEMENT_3D('',#3445,#3446,#3447);
#3445 = CARTESIAN_POINT('',(22.4,2.25,7.));
#3446 = DIRECTION('',(0.,1.,0.));
#3447 = DIRECTION('',(0.,0.,1.));
#3448 = ADVANCED_FACE('',(#3449),#3460,.F.);
#3449 = FACE_BOUND('',#3450,.T.);
#3450 = EDGE_LOOP('',(#3451,#3452,#3458,#3459));
#3451 = ORIENTED_EDGE('',*,*,#3049,.T.);
#3452 = ORIENTED_EDGE('',*,*,#3453,.T.);
#3453 = EDGE_CURVE('',#3050,#3077,#3454,.T.);
#3454 = LINE('',#3455,#3456);
#3455 = CARTESIAN_POINT('',(27.,15.,24.49));
#3456 = VECTOR('',#3457,1.);
#3457 = DIRECTION('',(0.,0.,1.));
#3458 = ORIENTED_EDGE('',*,*,#3076,.F.);
#3459 = ORIENTED_EDGE('',*,*,#3453,.F.);
#3460 = CYLINDRICAL_SURFACE('',#3461,12.);
#3461 = AXIS2_PLACEMENT_3D('',#3462,#3463,#3464);
#3462 = CARTESIAN_POINT('',(15.,15.,24.49));
#3463 = DIRECTION('',(-0.,-0.,-1.));
#3464 = DIRECTION('',(1.,0.,0.));
#3465 = ( GEOMETRIC_REPRESENTATION_CONTEXT(3) 
GLOBAL_UNCERTAINTY_ASSIGNED_CONTEXT((#3469)) 
GLOBAL_UNIT_ASSIGNED_CONTEXT((#3466,#3467,#3468)) REPRESENTATION_CONTEXT
('Context #1','3D Context with UNIT and UNCERTAINTY') );
#3466 = ( LENGTH_UNIT() NAMED_UNIT(*) SI_UNIT(.MILLI.,.METRE.) );
#3467 = ( NAMED_UNIT(*) PLANE_ANGLE_UNIT() SI_UNIT($,.RADIAN.) );
#3468 = ( NAMED_UNIT(*) SI_UNIT($,.STERADIAN.) SOLID_ANGLE_UNIT() );
#3469 = UNCERTAINTY_MEASURE_WITH_UNIT(LENGTH_MEASURE(1.E-05),#3466,
  'distance_accuracy_value','confusion accuracy');
#3470 = PRODUCT_RELATED_PRODUCT_CATEGORY('part',$,(#7));
ENDSEC;
END-ISO-10303-21;
