ISO-10303-21;
HEADER;
FILE_DESCRIPTION(('FreeCAD Model'),'2;1');
FILE_NAME('Open CASCADE Shape Model','2026-09-05T19:19:36',('FreeCAD'),(
    'FreeCAD'),'Open CASCADE STEP processor 7.8','FreeCAD','Unknown');
FILE_SCHEMA(('AUTOMOTIVE_DESIGN { 1 0 10303 214 1 1 1 1 }'));
ENDSEC;
DATA;
#1 = APPLICATION_PROTOCOL_DEFINITION('international standard',
  'automotive_design',2000,#2);
#2 = APPLICATION_CONTEXT(
  'core data for automotive mechanical design processes');
#3 = SHAPE_DEFINITION_REPRESENTATION(#4,#10);
#4 = PRODUCT_DEFINITION_SHAPE('','',#5);
#5 = PRODUCT_DEFINITION('design','',#6,#9);
#6 = PRODUCT_DEFINITION_FORMATION('','',#7);
#7 = PRODUCT('Open CASCADE STEP translator 7.8 2',
  'Open CASCADE STEP translator 7.8 2','',(#8));
#8 = PRODUCT_CONTEXT('',#2,'mechanical');
#9 = PRODUCT_DEFINITION_CONTEXT('part definition',#2,'design');
#10 = ADVANCED_BREP_SHAPE_REPRESENTATION('',(#11,#15),#2913);
#11 = AXIS2_PLACEMENT_3D('',#12,#13,#14);
#12 = CARTESIAN_POINT('',(0.,0.,0.));
#13 = DIRECTION('',(0.,0.,1.));
#14 = DIRECTION('',(1.,0.,-0.));
#15 = MANIFOLD_SOLID_BREP('',#16);
#16 = CLOSED_SHELL('',(#17,#62,#104,#249,#274,#378,#622,#664,#689,#723,
    #757,#785,#807,#842,#852,#886,#895,#983,#1071,#1096,#1216,#1234,
    #1266,#1313,#1360,#1407,#1432,#1456,#1481,#1505,#1540,#1557,#1599,
    #1623,#1648,#1672,#1690,#1730,#1755,#1779,#1804,#1828,#1853,#1870,
    #1887,#1899,#2014,#2039,#2059,#2174,#2198,#2222,#2239,#2263,#2287,
    #2304,#2328,#2352,#2369,#2393,#2417,#2434,#2458,#2482,#2499,#2511,
    #2535,#2559,#2576,#2603,#2643,#2655,#2723,#2740,#2757,#2774,#2786,
    #2798,#2810,#2822,#2831,#2848,#2865,#2877,#2889,#2901));
#17 = ADVANCED_FACE('',(#18,#46),#57,.F.);
#18 = FACE_BOUND('',#19,.F.);
#19 = EDGE_LOOP('',(#20,#31,#40));
#20 = ORIENTED_EDGE('',*,*,#21,.T.);
#21 = EDGE_CURVE('',#22,#24,#26,.T.);
#22 = VERTEX_POINT('',#23);
#23 = CARTESIAN_POINT('',(3.121539030917,28.5,5.8));
#24 = VERTEX_POINT('',#25);
#25 = CARTESIAN_POINT('',(7.6,27.3,5.8));
#26 = CIRCLE('',#27,2.4);
#27 = AXIS2_PLACEMENT_3D('',#28,#29,#30);
#28 = CARTESIAN_POINT('',(5.2,27.3,5.8));
#29 = DIRECTION('',(0.,0.,1.));
#30 = DIRECTION('',(1.,0.,0.));
#31 = ORIENTED_EDGE('',*,*,#32,.T.);
#32 = EDGE_CURVE('',#24,#33,#35,.T.);
#33 = VERTEX_POINT('',#34);
#34 = CARTESIAN_POINT('',(7.278460969083,28.5,5.8));
#35 = CIRCLE('',#36,2.4);
#36 = AXIS2_PLACEMENT_3D('',#37,#38,#39);
#37 = CARTESIAN_POINT('',(5.2,27.3,5.8));
#38 = DIRECTION('',(0.,0.,1.));
#39 = DIRECTION('',(1.,0.,0.));
#40 = ORIENTED_EDGE('',*,*,#41,.F.);
#41 = EDGE_CURVE('',#22,#33,#42,.T.);
#42 = LINE('',#43,#44);
#43 = CARTESIAN_POINT('',(4.1,28.5,5.8));
#44 = VECTOR('',#45,1.);
#45 = DIRECTION('',(1.,0.,0.));
#46 = FACE_BOUND('',#47,.F.);
#47 = EDGE_LOOP('',(#48));
#48 = ORIENTED_EDGE('',*,*,#49,.T.);
#49 = EDGE_CURVE('',#50,#50,#52,.T.);
#50 = VERTEX_POINT('',#51);
#51 = CARTESIAN_POINT('',(6.05,27.3,5.8));
#52 = CIRCLE('',#53,0.85);
#53 = AXIS2_PLACEMENT_3D('',#54,#55,#56);
#54 = CARTESIAN_POINT('',(5.2,27.3,5.8));
#55 = DIRECTION('',(0.,0.,-1.));
#56 = DIRECTION('',(1.,0.,0.));
#57 = PLANE('',#58);
#58 = AXIS2_PLACEMENT_3D('',#59,#60,#61);
#59 = CARTESIAN_POINT('',(5.2,27.3,5.8));
#60 = DIRECTION('',(0.,0.,1.));
#61 = DIRECTION('',(1.,0.,0.));
#62 = ADVANCED_FACE('',(#63),#99,.T.);
#63 = FACE_BOUND('',#64,.F.);
#64 = EDGE_LOOP('',(#65,#73,#82,#91,#97,#98));
#65 = ORIENTED_EDGE('',*,*,#66,.F.);
#66 = EDGE_CURVE('',#67,#22,#69,.T.);
#67 = VERTEX_POINT('',#68);
#68 = CARTESIAN_POINT('',(3.121539030917,28.5,19.4));
#69 = LINE('',#70,#71);
#70 = CARTESIAN_POINT('',(3.121539030917,28.5,5.8));
#71 = VECTOR('',#72,1.);
#72 = DIRECTION('',(-0.,-0.,-1.));
#73 = ORIENTED_EDGE('',*,*,#74,.F.);
#74 = EDGE_CURVE('',#75,#67,#77,.T.);
#75 = VERTEX_POINT('',#76);
#76 = CARTESIAN_POINT('',(7.6,27.3,19.4));
#77 = CIRCLE('',#78,2.4);
#78 = AXIS2_PLACEMENT_3D('',#79,#80,#81);
#79 = CARTESIAN_POINT('',(5.2,27.3,19.4));
#80 = DIRECTION('',(0.,0.,-1.));
#81 = DIRECTION('',(1.,0.,0.));
#82 = ORIENTED_EDGE('',*,*,#83,.F.);
#83 = EDGE_CURVE('',#84,#75,#86,.T.);
#84 = VERTEX_POINT('',#85);
#85 = CARTESIAN_POINT('',(7.278460969083,28.5,19.4));
#86 = CIRCLE('',#87,2.4);
#87 = AXIS2_PLACEMENT_3D('',#88,#89,#90);
#88 = CARTESIAN_POINT('',(5.2,27.3,19.4));
#89 = DIRECTION('',(0.,0.,-1.));
#90 = DIRECTION('',(1.,0.,0.));
#91 = ORIENTED_EDGE('',*,*,#92,.T.);
#92 = EDGE_CURVE('',#84,#33,#93,.T.);
#93 = LINE('',#94,#95);
#94 = CARTESIAN_POINT('',(7.278460969083,28.5,5.8));
#95 = VECTOR('',#96,1.);
#96 = DIRECTION('',(-0.,-0.,-1.));
#97 = ORIENTED_EDGE('',*,*,#32,.F.);
#98 = ORIENTED_EDGE('',*,*,#21,.F.);
#99 = CYLINDRICAL_SURFACE('',#100,2.4);
#100 = AXIS2_PLACEMENT_3D('',#101,#102,#103);
#101 = CARTESIAN_POINT('',(5.2,27.3,5.8));
#102 = DIRECTION('',(-0.,-0.,-1.));
#103 = DIRECTION('',(1.,0.,0.));
#104 = ADVANCED_FACE('',(#105),#244,.F.);
#105 = FACE_BOUND('',#106,.F.);
#106 = EDGE_LOOP('',(#107,#117,#125,#131,#132,#133,#134,#142,#150,#158,
    #166,#174,#182,#190,#198,#206,#214,#222,#230,#238));
#107 = ORIENTED_EDGE('',*,*,#108,.F.);
#108 = EDGE_CURVE('',#109,#111,#113,.T.);
#109 = VERTEX_POINT('',#110);
#110 = CARTESIAN_POINT('',(3.,28.5,4.2));
#111 = VERTEX_POINT('',#112);
#112 = CARTESIAN_POINT('',(7.562731470142,28.5,4.2));
#113 = LINE('',#114,#115);
#114 = CARTESIAN_POINT('',(9.,28.5,4.2));
#115 = VECTOR('',#116,1.);
#116 = DIRECTION('',(1.,0.,0.));
#117 = ORIENTED_EDGE('',*,*,#118,.T.);
#118 = EDGE_CURVE('',#109,#119,#121,.T.);
#119 = VERTEX_POINT('',#120);
#120 = CARTESIAN_POINT('',(3.,28.5,19.4));
#121 = LINE('',#122,#123);
#122 = CARTESIAN_POINT('',(3.,28.5,4.19));
#123 = VECTOR('',#124,1.);
#124 = DIRECTION('',(0.,0.,1.));
#125 = ORIENTED_EDGE('',*,*,#126,.T.);
#126 = EDGE_CURVE('',#119,#67,#127,.T.);
#127 = LINE('',#128,#129);
#128 = CARTESIAN_POINT('',(3.,28.5,19.4));
#129 = VECTOR('',#130,1.);
#130 = DIRECTION('',(1.,0.,0.));
#131 = ORIENTED_EDGE('',*,*,#66,.T.);
#132 = ORIENTED_EDGE('',*,*,#41,.T.);
#133 = ORIENTED_EDGE('',*,*,#92,.F.);
#134 = ORIENTED_EDGE('',*,*,#135,.T.);
#135 = EDGE_CURVE('',#84,#136,#138,.T.);
#136 = VERTEX_POINT('',#137);
#137 = CARTESIAN_POINT('',(12.93784093727,28.5,19.4));
#138 = LINE('',#139,#140);
#139 = CARTESIAN_POINT('',(3.,28.5,19.4));
#140 = VECTOR('',#141,1.);
#141 = DIRECTION('',(1.,0.,0.));
#142 = ORIENTED_EDGE('',*,*,#143,.T.);
#143 = EDGE_CURVE('',#136,#144,#146,.T.);
#144 = VERTEX_POINT('',#145);
#145 = CARTESIAN_POINT('',(12.93784093727,28.5,19.39));
#146 = LINE('',#147,#148);
#147 = CARTESIAN_POINT('',(12.93784093727,28.5,19.39));
#148 = VECTOR('',#149,1.);
#149 = DIRECTION('',(-0.,-0.,-1.));
#150 = ORIENTED_EDGE('',*,*,#151,.T.);
#151 = EDGE_CURVE('',#144,#152,#154,.T.);
#152 = VERTEX_POINT('',#153);
#153 = CARTESIAN_POINT('',(17.06215906273,28.5,19.39));
#154 = LINE('',#155,#156);
#155 = CARTESIAN_POINT('',(9.,28.5,19.39));
#156 = VECTOR('',#157,1.);
#157 = DIRECTION('',(1.,0.,0.));
#158 = ORIENTED_EDGE('',*,*,#159,.F.);
#159 = EDGE_CURVE('',#160,#152,#162,.T.);
#160 = VERTEX_POINT('',#161);
#161 = CARTESIAN_POINT('',(17.06215906273,28.5,19.4));
#162 = LINE('',#163,#164);
#163 = CARTESIAN_POINT('',(17.06215906273,28.5,19.39));
#164 = VECTOR('',#165,1.);
#165 = DIRECTION('',(-0.,-0.,-1.));
#166 = ORIENTED_EDGE('',*,*,#167,.T.);
#167 = EDGE_CURVE('',#160,#168,#170,.T.);
#168 = VERTEX_POINT('',#169);
#169 = CARTESIAN_POINT('',(22.721539030917,28.5,19.4));
#170 = LINE('',#171,#172);
#171 = CARTESIAN_POINT('',(3.,28.5,19.4));
#172 = VECTOR('',#173,1.);
#173 = DIRECTION('',(1.,0.,0.));
#174 = ORIENTED_EDGE('',*,*,#175,.T.);
#175 = EDGE_CURVE('',#168,#176,#178,.T.);
#176 = VERTEX_POINT('',#177);
#177 = CARTESIAN_POINT('',(22.721539030917,28.5,5.8));
#178 = LINE('',#179,#180);
#179 = CARTESIAN_POINT('',(22.721539030917,28.5,5.8));
#180 = VECTOR('',#181,1.);
#181 = DIRECTION('',(-0.,-0.,-1.));
#182 = ORIENTED_EDGE('',*,*,#183,.T.);
#183 = EDGE_CURVE('',#176,#184,#186,.T.);
#184 = VERTEX_POINT('',#185);
#185 = CARTESIAN_POINT('',(26.878460969083,28.5,5.8));
#186 = LINE('',#187,#188);
#187 = CARTESIAN_POINT('',(13.9,28.5,5.8));
#188 = VECTOR('',#189,1.);
#189 = DIRECTION('',(1.,0.,0.));
#190 = ORIENTED_EDGE('',*,*,#191,.F.);
#191 = EDGE_CURVE('',#192,#184,#194,.T.);
#192 = VERTEX_POINT('',#193);
#193 = CARTESIAN_POINT('',(26.878460969083,28.5,19.4));
#194 = LINE('',#195,#196);
#195 = CARTESIAN_POINT('',(26.878460969083,28.5,5.8));
#196 = VECTOR('',#197,1.);
#197 = DIRECTION('',(-0.,-0.,-1.));
#198 = ORIENTED_EDGE('',*,*,#199,.T.);
#199 = EDGE_CURVE('',#192,#200,#202,.T.);
#200 = VERTEX_POINT('',#201);
#201 = CARTESIAN_POINT('',(27.,28.5,19.4));
#202 = LINE('',#203,#204);
#203 = CARTESIAN_POINT('',(3.,28.5,19.4));
#204 = VECTOR('',#205,1.);
#205 = DIRECTION('',(1.,0.,0.));
#206 = ORIENTED_EDGE('',*,*,#207,.F.);
#207 = EDGE_CURVE('',#208,#200,#210,.T.);
#208 = VERTEX_POINT('',#209);
#209 = CARTESIAN_POINT('',(27.,28.5,4.2));
#210 = LINE('',#211,#212);
#211 = CARTESIAN_POINT('',(27.,28.5,4.19));
#212 = VECTOR('',#213,1.);
#213 = DIRECTION('',(0.,0.,1.));
#214 = ORIENTED_EDGE('',*,*,#215,.F.);
#215 = EDGE_CURVE('',#216,#208,#218,.T.);
#216 = VERTEX_POINT('',#217);
#217 = CARTESIAN_POINT('',(22.437268529858,28.5,4.2));
#218 = LINE('',#219,#220);
#219 = CARTESIAN_POINT('',(9.,28.5,4.2));
#220 = VECTOR('',#221,1.);
#221 = DIRECTION('',(1.,0.,0.));
#222 = ORIENTED_EDGE('',*,*,#223,.F.);
#223 = EDGE_CURVE('',#224,#216,#226,.T.);
#224 = VERTEX_POINT('',#225);
#225 = CARTESIAN_POINT('',(22.437268529858,28.5,4.22));
#226 = LINE('',#227,#228);
#227 = CARTESIAN_POINT('',(22.437268529858,28.5,2.5));
#228 = VECTOR('',#229,1.);
#229 = DIRECTION('',(-0.,-0.,-1.));
#230 = ORIENTED_EDGE('',*,*,#231,.F.);
#231 = EDGE_CURVE('',#232,#224,#234,.T.);
#232 = VERTEX_POINT('',#233);
#233 = CARTESIAN_POINT('',(7.562731470142,28.5,4.22));
#234 = LINE('',#235,#236);
#235 = CARTESIAN_POINT('',(9.,28.5,4.22));
#236 = VECTOR('',#237,1.);
#237 = DIRECTION('',(1.,0.,0.));
#238 = ORIENTED_EDGE('',*,*,#239,.T.);
#239 = EDGE_CURVE('',#232,#111,#240,.T.);
#240 = LINE('',#241,#242);
#241 = CARTESIAN_POINT('',(7.562731470142,28.5,2.5));
#242 = VECTOR('',#243,1.);
#243 = DIRECTION('',(-0.,-0.,-1.));
#244 = PLANE('',#245);
#245 = AXIS2_PLACEMENT_3D('',#246,#247,#248);
#246 = CARTESIAN_POINT('',(3.,28.5,4.19));
#247 = DIRECTION('',(0.,1.,0.));
#248 = DIRECTION('',(0.,0.,1.));
#249 = ADVANCED_FACE('',(#250),#269,.F.);
#250 = FACE_BOUND('',#251,.T.);
#251 = EDGE_LOOP('',(#252,#253,#261,#268));
#252 = ORIENTED_EDGE('',*,*,#49,.T.);
#253 = ORIENTED_EDGE('',*,*,#254,.T.);
#254 = EDGE_CURVE('',#50,#255,#257,.T.);
#255 = VERTEX_POINT('',#256);
#256 = CARTESIAN_POINT('',(6.05,27.3,11.2));
#257 = LINE('',#258,#259);
#258 = CARTESIAN_POINT('',(6.05,27.3,5.79));
#259 = VECTOR('',#260,1.);
#260 = DIRECTION('',(0.,0.,1.));
#261 = ORIENTED_EDGE('',*,*,#262,.T.);
#262 = EDGE_CURVE('',#255,#255,#263,.T.);
#263 = CIRCLE('',#264,0.85);
#264 = AXIS2_PLACEMENT_3D('',#265,#266,#267);
#265 = CARTESIAN_POINT('',(5.2,27.3,11.2));
#266 = DIRECTION('',(0.,0.,1.));
#267 = DIRECTION('',(1.,0.,0.));
#268 = ORIENTED_EDGE('',*,*,#254,.F.);
#269 = CYLINDRICAL_SURFACE('',#270,0.85);
#270 = AXIS2_PLACEMENT_3D('',#271,#272,#273);
#271 = CARTESIAN_POINT('',(5.2,27.3,5.79));
#272 = DIRECTION('',(-0.,-0.,-1.));
#273 = DIRECTION('',(1.,0.,0.));
#274 = ADVANCED_FACE('',(#275),#373,.F.);
#275 = FACE_BOUND('',#276,.F.);
#276 = EDGE_LOOP('',(#277,#287,#296,#304,#313,#321,#328,#329,#338,#345,
    #346,#355,#362,#363,#364,#365,#366));
#277 = ORIENTED_EDGE('',*,*,#278,.F.);
#278 = EDGE_CURVE('',#279,#281,#283,.T.);
#279 = VERTEX_POINT('',#280);
#280 = CARTESIAN_POINT('',(1.5,3.,19.4));
#281 = VERTEX_POINT('',#282);
#282 = CARTESIAN_POINT('',(1.5,27.,19.4));
#283 = LINE('',#284,#285);
#284 = CARTESIAN_POINT('',(1.5,3.,19.4));
#285 = VECTOR('',#286,1.);
#286 = DIRECTION('',(0.,1.,0.));
#287 = ORIENTED_EDGE('',*,*,#288,.T.);
#288 = EDGE_CURVE('',#279,#289,#291,.T.);
#289 = VERTEX_POINT('',#290);
#290 = CARTESIAN_POINT('',(3.,1.5,19.4));
#291 = CIRCLE('',#292,1.5);
#292 = AXIS2_PLACEMENT_3D('',#293,#294,#295);
#293 = CARTESIAN_POINT('',(3.,3.,19.4));
#294 = DIRECTION('',(0.,0.,1.));
#295 = DIRECTION('',(1.,0.,0.));
#296 = ORIENTED_EDGE('',*,*,#297,.T.);
#297 = EDGE_CURVE('',#289,#298,#300,.T.);
#298 = VERTEX_POINT('',#299);
#299 = CARTESIAN_POINT('',(27.,1.5,19.4));
#300 = LINE('',#301,#302);
#301 = CARTESIAN_POINT('',(3.,1.5,19.4));
#302 = VECTOR('',#303,1.);
#303 = DIRECTION('',(1.,0.,0.));
#304 = ORIENTED_EDGE('',*,*,#305,.T.);
#305 = EDGE_CURVE('',#298,#306,#308,.T.);
#306 = VERTEX_POINT('',#307);
#307 = CARTESIAN_POINT('',(28.5,3.,19.4));
#308 = CIRCLE('',#309,1.5);
#309 = AXIS2_PLACEMENT_3D('',#310,#311,#312);
#310 = CARTESIAN_POINT('',(27.,3.,19.4));
#311 = DIRECTION('',(0.,0.,1.));
#312 = DIRECTION('',(1.,0.,0.));
#313 = ORIENTED_EDGE('',*,*,#314,.T.);
#314 = EDGE_CURVE('',#306,#315,#317,.T.);
#315 = VERTEX_POINT('',#316);
#316 = CARTESIAN_POINT('',(28.5,27.,19.4));
#317 = LINE('',#318,#319);
#318 = CARTESIAN_POINT('',(28.5,3.,19.4));
#319 = VECTOR('',#320,1.);
#320 = DIRECTION('',(0.,1.,0.));
#321 = ORIENTED_EDGE('',*,*,#322,.T.);
#322 = EDGE_CURVE('',#315,#200,#323,.T.);
#323 = CIRCLE('',#324,1.5);
#324 = AXIS2_PLACEMENT_3D('',#325,#326,#327);
#325 = CARTESIAN_POINT('',(27.,27.,19.4));
#326 = DIRECTION('',(0.,0.,1.));
#327 = DIRECTION('',(1.,0.,0.));
#328 = ORIENTED_EDGE('',*,*,#199,.F.);
#329 = ORIENTED_EDGE('',*,*,#330,.T.);
#330 = EDGE_CURVE('',#192,#331,#333,.T.);
#331 = VERTEX_POINT('',#332);
#332 = CARTESIAN_POINT('',(27.2,27.3,19.4));
#333 = CIRCLE('',#334,2.4);
#334 = AXIS2_PLACEMENT_3D('',#335,#336,#337);
#335 = CARTESIAN_POINT('',(24.8,27.3,19.4));
#336 = DIRECTION('',(0.,0.,-1.));
#337 = DIRECTION('',(1.,0.,0.));
#338 = ORIENTED_EDGE('',*,*,#339,.T.);
#339 = EDGE_CURVE('',#331,#168,#340,.T.);
#340 = CIRCLE('',#341,2.4);
#341 = AXIS2_PLACEMENT_3D('',#342,#343,#344);
#342 = CARTESIAN_POINT('',(24.8,27.3,19.4));
#343 = DIRECTION('',(0.,0.,-1.));
#344 = DIRECTION('',(1.,0.,0.));
#345 = ORIENTED_EDGE('',*,*,#167,.F.);
#346 = ORIENTED_EDGE('',*,*,#347,.T.);
#347 = EDGE_CURVE('',#160,#348,#350,.T.);
#348 = VERTEX_POINT('',#349);
#349 = CARTESIAN_POINT('',(19.95,24.,19.4));
#350 = CIRCLE('',#351,4.95);
#351 = AXIS2_PLACEMENT_3D('',#352,#353,#354);
#352 = CARTESIAN_POINT('',(15.,24.,19.4));
#353 = DIRECTION('',(0.,0.,-1.));
#354 = DIRECTION('',(1.,0.,0.));
#355 = ORIENTED_EDGE('',*,*,#356,.T.);
#356 = EDGE_CURVE('',#348,#136,#357,.T.);
#357 = CIRCLE('',#358,4.95);
#358 = AXIS2_PLACEMENT_3D('',#359,#360,#361);
#359 = CARTESIAN_POINT('',(15.,24.,19.4));
#360 = DIRECTION('',(0.,0.,-1.));
#361 = DIRECTION('',(1.,0.,0.));
#362 = ORIENTED_EDGE('',*,*,#135,.F.);
#363 = ORIENTED_EDGE('',*,*,#83,.T.);
#364 = ORIENTED_EDGE('',*,*,#74,.T.);
#365 = ORIENTED_EDGE('',*,*,#126,.F.);
#366 = ORIENTED_EDGE('',*,*,#367,.T.);
#367 = EDGE_CURVE('',#119,#281,#368,.T.);
#368 = CIRCLE('',#369,1.5);
#369 = AXIS2_PLACEMENT_3D('',#370,#371,#372);
#370 = CARTESIAN_POINT('',(3.,27.,19.4));
#371 = DIRECTION('',(0.,0.,1.));
#372 = DIRECTION('',(1.,0.,0.));
#373 = PLANE('',#374);
#374 = AXIS2_PLACEMENT_3D('',#375,#376,#377);
#375 = CARTESIAN_POINT('',(15.,15.,19.4));
#376 = DIRECTION('',(0.,0.,1.));
#377 = DIRECTION('',(1.,0.,0.));
#378 = ADVANCED_FACE('',(#379),#617,.T.);
#379 = FACE_BOUND('',#380,.T.);
#380 = EDGE_LOOP('',(#381,#392,#400,#409,#417,#426,#434,#443,#451,#459,
    #467,#476,#484,#493,#501,#510,#517,#518,#527,#535,#542,#543,#552,
    #561,#569,#578,#586,#595,#603,#611));
#381 = ORIENTED_EDGE('',*,*,#382,.F.);
#382 = EDGE_CURVE('',#383,#385,#387,.T.);
#383 = VERTEX_POINT('',#384);
#384 = CARTESIAN_POINT('',(0.,3.,4.2));
#385 = VERTEX_POINT('',#386);
#386 = CARTESIAN_POINT('',(3.,0.,4.2));
#387 = CIRCLE('',#388,3.);
#388 = AXIS2_PLACEMENT_3D('',#389,#390,#391);
#389 = CARTESIAN_POINT('',(3.,3.,4.2));
#390 = DIRECTION('',(0.,0.,1.));
#391 = DIRECTION('',(1.,0.,0.));
#392 = ORIENTED_EDGE('',*,*,#393,.T.);
#393 = EDGE_CURVE('',#383,#394,#396,.T.);
#394 = VERTEX_POINT('',#395);
#395 = CARTESIAN_POINT('',(0.,27.,4.2));
#396 = LINE('',#397,#398);
#397 = CARTESIAN_POINT('',(0.,3.,4.2));
#398 = VECTOR('',#399,1.);
#399 = DIRECTION('',(0.,1.,0.));
#400 = ORIENTED_EDGE('',*,*,#401,.F.);
#401 = EDGE_CURVE('',#402,#394,#404,.T.);
#402 = VERTEX_POINT('',#403);
#403 = CARTESIAN_POINT('',(3.,30.,4.2));
#404 = CIRCLE('',#405,3.);
#405 = AXIS2_PLACEMENT_3D('',#406,#407,#408);
#406 = CARTESIAN_POINT('',(3.,27.,4.2));
#407 = DIRECTION('',(0.,0.,1.));
#408 = DIRECTION('',(1.,0.,0.));
#409 = ORIENTED_EDGE('',*,*,#410,.T.);
#410 = EDGE_CURVE('',#402,#411,#413,.T.);
#411 = VERTEX_POINT('',#412);
#412 = CARTESIAN_POINT('',(27.,30.,4.2));
#413 = LINE('',#414,#415);
#414 = CARTESIAN_POINT('',(3.,30.,4.2));
#415 = VECTOR('',#416,1.);
#416 = DIRECTION('',(1.,0.,0.));
#417 = ORIENTED_EDGE('',*,*,#418,.F.);
#418 = EDGE_CURVE('',#419,#411,#421,.T.);
#419 = VERTEX_POINT('',#420);
#420 = CARTESIAN_POINT('',(30.,27.,4.2));
#421 = CIRCLE('',#422,3.);
#422 = AXIS2_PLACEMENT_3D('',#423,#424,#425);
#423 = CARTESIAN_POINT('',(27.,27.,4.2));
#424 = DIRECTION('',(0.,0.,1.));
#425 = DIRECTION('',(1.,0.,0.));
#426 = ORIENTED_EDGE('',*,*,#427,.F.);
#427 = EDGE_CURVE('',#428,#419,#430,.T.);
#428 = VERTEX_POINT('',#429);
#429 = CARTESIAN_POINT('',(30.,3.,4.2));
#430 = LINE('',#431,#432);
#431 = CARTESIAN_POINT('',(30.,3.,4.2));
#432 = VECTOR('',#433,1.);
#433 = DIRECTION('',(0.,1.,0.));
#434 = ORIENTED_EDGE('',*,*,#435,.F.);
#435 = EDGE_CURVE('',#436,#428,#438,.T.);
#436 = VERTEX_POINT('',#437);
#437 = CARTESIAN_POINT('',(27.,0.,4.2));
#438 = CIRCLE('',#439,3.);
#439 = AXIS2_PLACEMENT_3D('',#440,#441,#442);
#440 = CARTESIAN_POINT('',(27.,3.,4.2));
#441 = DIRECTION('',(0.,0.,1.));
#442 = DIRECTION('',(1.,0.,0.));
#443 = ORIENTED_EDGE('',*,*,#444,.F.);
#444 = EDGE_CURVE('',#445,#436,#447,.T.);
#445 = VERTEX_POINT('',#446);
#446 = CARTESIAN_POINT('',(21.5,0.,4.2));
#447 = LINE('',#448,#449);
#448 = CARTESIAN_POINT('',(3.,0.,4.2));
#449 = VECTOR('',#450,1.);
#450 = DIRECTION('',(1.,0.,0.));
#451 = ORIENTED_EDGE('',*,*,#452,.F.);
#452 = EDGE_CURVE('',#453,#445,#455,.T.);
#453 = VERTEX_POINT('',#454);
#454 = CARTESIAN_POINT('',(21.5,1.1,4.2));
#455 = LINE('',#456,#457);
#456 = CARTESIAN_POINT('',(21.5,7.,4.2));
#457 = VECTOR('',#458,1.);
#458 = DIRECTION('',(0.,-1.,0.));
#459 = ORIENTED_EDGE('',*,*,#460,.T.);
#460 = EDGE_CURVE('',#453,#461,#463,.T.);
#461 = VERTEX_POINT('',#462);
#462 = CARTESIAN_POINT('',(27.,1.1,4.2));
#463 = LINE('',#464,#465);
#464 = CARTESIAN_POINT('',(9.,1.1,4.2));
#465 = VECTOR('',#466,1.);
#466 = DIRECTION('',(1.,0.,0.));
#467 = ORIENTED_EDGE('',*,*,#468,.F.);
#468 = EDGE_CURVE('',#469,#461,#471,.T.);
#469 = VERTEX_POINT('',#470);
#470 = CARTESIAN_POINT('',(28.9,3.,4.2));
#471 = CIRCLE('',#472,1.9);
#472 = AXIS2_PLACEMENT_3D('',#473,#474,#475);
#473 = CARTESIAN_POINT('',(27.,3.,4.2));
#474 = DIRECTION('',(0.,0.,-1.));
#475 = DIRECTION('',(1.,0.,0.));
#476 = ORIENTED_EDGE('',*,*,#477,.F.);
#477 = EDGE_CURVE('',#478,#469,#480,.T.);
#478 = VERTEX_POINT('',#479);
#479 = CARTESIAN_POINT('',(28.9,27.,4.2));
#480 = LINE('',#481,#482);
#481 = CARTESIAN_POINT('',(28.9,9.,4.2));
#482 = VECTOR('',#483,1.);
#483 = DIRECTION('',(0.,-1.,0.));
#484 = ORIENTED_EDGE('',*,*,#485,.F.);
#485 = EDGE_CURVE('',#486,#478,#488,.T.);
#486 = VERTEX_POINT('',#487);
#487 = CARTESIAN_POINT('',(27.,28.9,4.2));
#488 = CIRCLE('',#489,1.9);
#489 = AXIS2_PLACEMENT_3D('',#490,#491,#492);
#490 = CARTESIAN_POINT('',(27.,27.,4.2));
#491 = DIRECTION('',(0.,0.,-1.));
#492 = DIRECTION('',(1.,0.,0.));
#493 = ORIENTED_EDGE('',*,*,#494,.F.);
#494 = EDGE_CURVE('',#495,#486,#497,.T.);
#495 = VERTEX_POINT('',#496);
#496 = CARTESIAN_POINT('',(26.912463017428,28.9,4.2));
#497 = LINE('',#498,#499);
#498 = CARTESIAN_POINT('',(9.,28.9,4.2));
#499 = VECTOR('',#500,1.);
#500 = DIRECTION('',(1.,0.,0.));
#501 = ORIENTED_EDGE('',*,*,#502,.T.);
#502 = EDGE_CURVE('',#495,#503,#505,.T.);
#503 = VERTEX_POINT('',#504);
#504 = CARTESIAN_POINT('',(27.167471157328,28.490621820404,4.2));
#505 = CIRCLE('',#506,2.65);
#506 = AXIS2_PLACEMENT_3D('',#507,#508,#509);
#507 = CARTESIAN_POINT('',(24.8,27.3,4.2));
#508 = DIRECTION('',(0.,0.,-1.));
#509 = DIRECTION('',(1.,0.,0.));
#510 = ORIENTED_EDGE('',*,*,#511,.F.);
#511 = EDGE_CURVE('',#208,#503,#512,.T.);
#512 = CIRCLE('',#513,1.5);
#513 = AXIS2_PLACEMENT_3D('',#514,#515,#516);
#514 = CARTESIAN_POINT('',(27.,27.,4.2));
#515 = DIRECTION('',(0.,0.,-1.));
#516 = DIRECTION('',(1.,0.,0.));
#517 = ORIENTED_EDGE('',*,*,#215,.F.);
#518 = ORIENTED_EDGE('',*,*,#519,.T.);
#519 = EDGE_CURVE('',#216,#520,#522,.T.);
#520 = VERTEX_POINT('',#521);
#521 = CARTESIAN_POINT('',(22.687536982572,28.9,4.2));
#522 = CIRCLE('',#523,2.65);
#523 = AXIS2_PLACEMENT_3D('',#524,#525,#526);
#524 = CARTESIAN_POINT('',(24.8,27.3,4.2));
#525 = DIRECTION('',(0.,0.,-1.));
#526 = DIRECTION('',(1.,0.,0.));
#527 = ORIENTED_EDGE('',*,*,#528,.F.);
#528 = EDGE_CURVE('',#529,#520,#531,.T.);
#529 = VERTEX_POINT('',#530);
#530 = CARTESIAN_POINT('',(7.312463017428,28.9,4.2));
#531 = LINE('',#532,#533);
#532 = CARTESIAN_POINT('',(9.,28.9,4.2));
#533 = VECTOR('',#534,1.);
#534 = DIRECTION('',(1.,0.,0.));
#535 = ORIENTED_EDGE('',*,*,#536,.T.);
#536 = EDGE_CURVE('',#529,#111,#537,.T.);
#537 = CIRCLE('',#538,2.65);
#538 = AXIS2_PLACEMENT_3D('',#539,#540,#541);
#539 = CARTESIAN_POINT('',(5.2,27.3,4.2));
#540 = DIRECTION('',(0.,0.,-1.));
#541 = DIRECTION('',(1.,0.,0.));
#542 = ORIENTED_EDGE('',*,*,#108,.F.);
#543 = ORIENTED_EDGE('',*,*,#544,.F.);
#544 = EDGE_CURVE('',#545,#109,#547,.T.);
#545 = VERTEX_POINT('',#546);
#546 = CARTESIAN_POINT('',(2.832528842672,28.490621820404,4.2));
#547 = CIRCLE('',#548,1.5);
#548 = AXIS2_PLACEMENT_3D('',#549,#550,#551);
#549 = CARTESIAN_POINT('',(3.,27.,4.2));
#550 = DIRECTION('',(0.,0.,-1.));
#551 = DIRECTION('',(1.,0.,0.));
#552 = ORIENTED_EDGE('',*,*,#553,.T.);
#553 = EDGE_CURVE('',#545,#554,#556,.T.);
#554 = VERTEX_POINT('',#555);
#555 = CARTESIAN_POINT('',(3.087536982572,28.9,4.2));
#556 = CIRCLE('',#557,2.65);
#557 = AXIS2_PLACEMENT_3D('',#558,#559,#560);
#558 = CARTESIAN_POINT('',(5.2,27.3,4.2));
#559 = DIRECTION('',(0.,0.,-1.));
#560 = DIRECTION('',(1.,0.,0.));
#561 = ORIENTED_EDGE('',*,*,#562,.F.);
#562 = EDGE_CURVE('',#563,#554,#565,.T.);
#563 = VERTEX_POINT('',#564);
#564 = CARTESIAN_POINT('',(3.,28.9,4.2));
#565 = LINE('',#566,#567);
#566 = CARTESIAN_POINT('',(9.,28.9,4.2));
#567 = VECTOR('',#568,1.);
#568 = DIRECTION('',(1.,0.,0.));
#569 = ORIENTED_EDGE('',*,*,#570,.F.);
#570 = EDGE_CURVE('',#571,#563,#573,.T.);
#571 = VERTEX_POINT('',#572);
#572 = CARTESIAN_POINT('',(1.1,27.,4.2));
#573 = CIRCLE('',#574,1.9);
#574 = AXIS2_PLACEMENT_3D('',#575,#576,#577);
#575 = CARTESIAN_POINT('',(3.,27.,4.2));
#576 = DIRECTION('',(0.,0.,-1.));
#577 = DIRECTION('',(1.,0.,0.));
#578 = ORIENTED_EDGE('',*,*,#579,.T.);
#579 = EDGE_CURVE('',#571,#580,#582,.T.);
#580 = VERTEX_POINT('',#581);
#581 = CARTESIAN_POINT('',(1.1,3.,4.2));
#582 = LINE('',#583,#584);
#583 = CARTESIAN_POINT('',(1.1,9.,4.2));
#584 = VECTOR('',#585,1.);
#585 = DIRECTION('',(0.,-1.,0.));
#586 = ORIENTED_EDGE('',*,*,#587,.F.);
#587 = EDGE_CURVE('',#588,#580,#590,.T.);
#588 = VERTEX_POINT('',#589);
#589 = CARTESIAN_POINT('',(3.,1.1,4.2));
#590 = CIRCLE('',#591,1.9);
#591 = AXIS2_PLACEMENT_3D('',#592,#593,#594);
#592 = CARTESIAN_POINT('',(3.,3.,4.2));
#593 = DIRECTION('',(0.,0.,-1.));
#594 = DIRECTION('',(1.,0.,0.));
#595 = ORIENTED_EDGE('',*,*,#596,.T.);
#596 = EDGE_CURVE('',#588,#597,#599,.T.);
#597 = VERTEX_POINT('',#598);
#598 = CARTESIAN_POINT('',(8.5,1.1,4.2));
#599 = LINE('',#600,#601);
#600 = CARTESIAN_POINT('',(9.,1.1,4.2));
#601 = VECTOR('',#602,1.);
#602 = DIRECTION('',(1.,0.,0.));
#603 = ORIENTED_EDGE('',*,*,#604,.T.);
#604 = EDGE_CURVE('',#597,#605,#607,.T.);
#605 = VERTEX_POINT('',#606);
#606 = CARTESIAN_POINT('',(8.5,0.,4.2));
#607 = LINE('',#608,#609);
#608 = CARTESIAN_POINT('',(8.5,7.,4.2));
#609 = VECTOR('',#610,1.);
#610 = DIRECTION('',(0.,-1.,0.));
#611 = ORIENTED_EDGE('',*,*,#612,.F.);
#612 = EDGE_CURVE('',#385,#605,#613,.T.);
#613 = LINE('',#614,#615);
#614 = CARTESIAN_POINT('',(3.,0.,4.2));
#615 = VECTOR('',#616,1.);
#616 = DIRECTION('',(1.,0.,0.));
#617 = PLANE('',#618);
#618 = AXIS2_PLACEMENT_3D('',#619,#620,#621);
#619 = CARTESIAN_POINT('',(15.,15.,4.2));
#620 = DIRECTION('',(-0.,-0.,-1.));
#621 = DIRECTION('',(-1.,0.,0.));
#622 = ADVANCED_FACE('',(#623),#659,.F.);
#623 = FACE_BOUND('',#624,.T.);
#624 = EDGE_LOOP('',(#625,#634,#635,#636,#644,#653));
#625 = ORIENTED_EDGE('',*,*,#626,.F.);
#626 = EDGE_CURVE('',#232,#627,#629,.T.);
#627 = VERTEX_POINT('',#628);
#628 = CARTESIAN_POINT('',(7.819637379486,27.7,4.22));
#629 = CIRCLE('',#630,2.65);
#630 = AXIS2_PLACEMENT_3D('',#631,#632,#633);
#631 = CARTESIAN_POINT('',(5.2,27.3,4.22));
#632 = DIRECTION('',(0.,0.,-1.));
#633 = DIRECTION('',(1.,0.,0.));
#634 = ORIENTED_EDGE('',*,*,#239,.T.);
#635 = ORIENTED_EDGE('',*,*,#536,.F.);
#636 = ORIENTED_EDGE('',*,*,#637,.T.);
#637 = EDGE_CURVE('',#529,#638,#640,.T.);
#638 = VERTEX_POINT('',#639);
#639 = CARTESIAN_POINT('',(7.312463017428,28.9,2.6));
#640 = LINE('',#641,#642);
#641 = CARTESIAN_POINT('',(7.312463017428,28.9,2.5));
#642 = VECTOR('',#643,1.);
#643 = DIRECTION('',(-0.,-0.,-1.));
#644 = ORIENTED_EDGE('',*,*,#645,.T.);
#645 = EDGE_CURVE('',#638,#646,#648,.T.);
#646 = VERTEX_POINT('',#647);
#647 = CARTESIAN_POINT('',(7.819637379486,27.7,2.6));
#648 = CIRCLE('',#649,2.65);
#649 = AXIS2_PLACEMENT_3D('',#650,#651,#652);
#650 = CARTESIAN_POINT('',(5.2,27.3,2.6));
#651 = DIRECTION('',(0.,0.,-1.));
#652 = DIRECTION('',(1.,0.,0.));
#653 = ORIENTED_EDGE('',*,*,#654,.F.);
#654 = EDGE_CURVE('',#627,#646,#655,.T.);
#655 = LINE('',#656,#657);
#656 = CARTESIAN_POINT('',(7.819637379486,27.7,2.5));
#657 = VECTOR('',#658,1.);
#658 = DIRECTION('',(-0.,-0.,-1.));
#659 = CYLINDRICAL_SURFACE('',#660,2.65);
#660 = AXIS2_PLACEMENT_3D('',#661,#662,#663);
#661 = CARTESIAN_POINT('',(5.2,27.3,2.5));
#662 = DIRECTION('',(-0.,-0.,-1.));
#663 = DIRECTION('',(1.,0.,0.));
#664 = ADVANCED_FACE('',(#665),#684,.T.);
#665 = FACE_BOUND('',#666,.T.);
#666 = EDGE_LOOP('',(#667,#668,#669,#677));
#667 = ORIENTED_EDGE('',*,*,#231,.F.);
#668 = ORIENTED_EDGE('',*,*,#626,.T.);
#669 = ORIENTED_EDGE('',*,*,#670,.F.);
#670 = EDGE_CURVE('',#671,#627,#673,.T.);
#671 = VERTEX_POINT('',#672);
#672 = CARTESIAN_POINT('',(22.180362620514,27.7,4.22));
#673 = LINE('',#674,#675);
#674 = CARTESIAN_POINT('',(9.,27.7,4.22));
#675 = VECTOR('',#676,1.);
#676 = DIRECTION('',(-1.,0.,0.));
#677 = ORIENTED_EDGE('',*,*,#678,.T.);
#678 = EDGE_CURVE('',#671,#224,#679,.T.);
#679 = CIRCLE('',#680,2.65);
#680 = AXIS2_PLACEMENT_3D('',#681,#682,#683);
#681 = CARTESIAN_POINT('',(24.8,27.3,4.22));
#682 = DIRECTION('',(0.,0.,-1.));
#683 = DIRECTION('',(1.,0.,0.));
#684 = PLANE('',#685);
#685 = AXIS2_PLACEMENT_3D('',#686,#687,#688);
#686 = CARTESIAN_POINT('',(15.,15.,4.22));
#687 = DIRECTION('',(0.,0.,1.));
#688 = DIRECTION('',(1.,0.,0.));
#689 = ADVANCED_FACE('',(#690),#718,.F.);
#690 = FACE_BOUND('',#691,.T.);
#691 = EDGE_LOOP('',(#692,#693,#701,#710,#716,#717));
#692 = ORIENTED_EDGE('',*,*,#678,.F.);
#693 = ORIENTED_EDGE('',*,*,#694,.T.);
#694 = EDGE_CURVE('',#671,#695,#697,.T.);
#695 = VERTEX_POINT('',#696);
#696 = CARTESIAN_POINT('',(22.180362620514,27.7,2.6));
#697 = LINE('',#698,#699);
#698 = CARTESIAN_POINT('',(22.180362620514,27.7,2.5));
#699 = VECTOR('',#700,1.);
#700 = DIRECTION('',(-0.,-0.,-1.));
#701 = ORIENTED_EDGE('',*,*,#702,.T.);
#702 = EDGE_CURVE('',#695,#703,#705,.T.);
#703 = VERTEX_POINT('',#704);
#704 = CARTESIAN_POINT('',(22.687536982572,28.9,2.6));
#705 = CIRCLE('',#706,2.65);
#706 = AXIS2_PLACEMENT_3D('',#707,#708,#709);
#707 = CARTESIAN_POINT('',(24.8,27.3,2.6));
#708 = DIRECTION('',(0.,0.,-1.));
#709 = DIRECTION('',(1.,0.,0.));
#710 = ORIENTED_EDGE('',*,*,#711,.F.);
#711 = EDGE_CURVE('',#520,#703,#712,.T.);
#712 = LINE('',#713,#714);
#713 = CARTESIAN_POINT('',(22.687536982572,28.9,2.5));
#714 = VECTOR('',#715,1.);
#715 = DIRECTION('',(-0.,-0.,-1.));
#716 = ORIENTED_EDGE('',*,*,#519,.F.);
#717 = ORIENTED_EDGE('',*,*,#223,.F.);
#718 = CYLINDRICAL_SURFACE('',#719,2.65);
#719 = AXIS2_PLACEMENT_3D('',#720,#721,#722);
#720 = CARTESIAN_POINT('',(24.8,27.3,2.5));
#721 = DIRECTION('',(-0.,-0.,-1.));
#722 = DIRECTION('',(1.,0.,0.));
#723 = ADVANCED_FACE('',(#724),#752,.F.);
#724 = FACE_BOUND('',#725,.T.);
#725 = EDGE_LOOP('',(#726,#727,#728,#736,#745,#751));
#726 = ORIENTED_EDGE('',*,*,#207,.F.);
#727 = ORIENTED_EDGE('',*,*,#511,.T.);
#728 = ORIENTED_EDGE('',*,*,#729,.F.);
#729 = EDGE_CURVE('',#730,#503,#732,.T.);
#730 = VERTEX_POINT('',#731);
#731 = CARTESIAN_POINT('',(27.167471157328,28.490621820404,4.22));
#732 = LINE('',#733,#734);
#733 = CARTESIAN_POINT('',(27.167471157328,28.490621820404,4.19));
#734 = VECTOR('',#735,1.);
#735 = DIRECTION('',(-0.,-0.,-1.));
#736 = ORIENTED_EDGE('',*,*,#737,.T.);
#737 = EDGE_CURVE('',#730,#738,#740,.T.);
#738 = VERTEX_POINT('',#739);
#739 = CARTESIAN_POINT('',(28.5,27.,4.22));
#740 = CIRCLE('',#741,1.5);
#741 = AXIS2_PLACEMENT_3D('',#742,#743,#744);
#742 = CARTESIAN_POINT('',(27.,27.,4.22));
#743 = DIRECTION('',(0.,0.,-1.));
#744 = DIRECTION('',(1.,0.,0.));
#745 = ORIENTED_EDGE('',*,*,#746,.T.);
#746 = EDGE_CURVE('',#738,#315,#747,.T.);
#747 = LINE('',#748,#749);
#748 = CARTESIAN_POINT('',(28.5,27.,4.19));
#749 = VECTOR('',#750,1.);
#750 = DIRECTION('',(0.,0.,1.));
#751 = ORIENTED_EDGE('',*,*,#322,.T.);
#752 = CYLINDRICAL_SURFACE('',#753,1.5);
#753 = AXIS2_PLACEMENT_3D('',#754,#755,#756);
#754 = CARTESIAN_POINT('',(27.,27.,4.19));
#755 = DIRECTION('',(-0.,-0.,-1.));
#756 = DIRECTION('',(1.,0.,0.));
#757 = ADVANCED_FACE('',(#758),#780,.T.);
#758 = FACE_BOUND('',#759,.F.);
#759 = EDGE_LOOP('',(#760,#761,#762,#763,#764,#773));
#760 = ORIENTED_EDGE('',*,*,#175,.F.);
#761 = ORIENTED_EDGE('',*,*,#339,.F.);
#762 = ORIENTED_EDGE('',*,*,#330,.F.);
#763 = ORIENTED_EDGE('',*,*,#191,.T.);
#764 = ORIENTED_EDGE('',*,*,#765,.F.);
#765 = EDGE_CURVE('',#766,#184,#768,.T.);
#766 = VERTEX_POINT('',#767);
#767 = CARTESIAN_POINT('',(27.2,27.3,5.8));
#768 = CIRCLE('',#769,2.4);
#769 = AXIS2_PLACEMENT_3D('',#770,#771,#772);
#770 = CARTESIAN_POINT('',(24.8,27.3,5.8));
#771 = DIRECTION('',(0.,0.,1.));
#772 = DIRECTION('',(1.,0.,0.));
#773 = ORIENTED_EDGE('',*,*,#774,.F.);
#774 = EDGE_CURVE('',#176,#766,#775,.T.);
#775 = CIRCLE('',#776,2.4);
#776 = AXIS2_PLACEMENT_3D('',#777,#778,#779);
#777 = CARTESIAN_POINT('',(24.8,27.3,5.8));
#778 = DIRECTION('',(0.,0.,1.));
#779 = DIRECTION('',(1.,0.,0.));
#780 = CYLINDRICAL_SURFACE('',#781,2.4);
#781 = AXIS2_PLACEMENT_3D('',#782,#783,#784);
#782 = CARTESIAN_POINT('',(24.8,27.3,5.8));
#783 = DIRECTION('',(-0.,-0.,-1.));
#784 = DIRECTION('',(1.,0.,0.));
#785 = ADVANCED_FACE('',(#786,#791),#802,.F.);
#786 = FACE_BOUND('',#787,.F.);
#787 = EDGE_LOOP('',(#788,#789,#790));
#788 = ORIENTED_EDGE('',*,*,#774,.T.);
#789 = ORIENTED_EDGE('',*,*,#765,.T.);
#790 = ORIENTED_EDGE('',*,*,#183,.F.);
#791 = FACE_BOUND('',#792,.F.);
#792 = EDGE_LOOP('',(#793));
#793 = ORIENTED_EDGE('',*,*,#794,.T.);
#794 = EDGE_CURVE('',#795,#795,#797,.T.);
#795 = VERTEX_POINT('',#796);
#796 = CARTESIAN_POINT('',(25.65,27.3,5.8));
#797 = CIRCLE('',#798,0.85);
#798 = AXIS2_PLACEMENT_3D('',#799,#800,#801);
#799 = CARTESIAN_POINT('',(24.8,27.3,5.8));
#800 = DIRECTION('',(0.,0.,-1.));
#801 = DIRECTION('',(1.,0.,0.));
#802 = PLANE('',#803);
#803 = AXIS2_PLACEMENT_3D('',#804,#805,#806);
#804 = CARTESIAN_POINT('',(24.8,27.3,5.8));
#805 = DIRECTION('',(0.,0.,1.));
#806 = DIRECTION('',(1.,0.,0.));
#807 = ADVANCED_FACE('',(#808),#837,.F.);
#808 = FACE_BOUND('',#809,.T.);
#809 = EDGE_LOOP('',(#810,#811,#819,#826,#827,#828,#829,#836));
#810 = ORIENTED_EDGE('',*,*,#347,.T.);
#811 = ORIENTED_EDGE('',*,*,#812,.T.);
#812 = EDGE_CURVE('',#348,#813,#815,.T.);
#813 = VERTEX_POINT('',#814);
#814 = CARTESIAN_POINT('',(19.95,24.,20.6));
#815 = LINE('',#816,#817);
#816 = CARTESIAN_POINT('',(19.95,24.,19.39));
#817 = VECTOR('',#818,1.);
#818 = DIRECTION('',(0.,0.,1.));
#819 = ORIENTED_EDGE('',*,*,#820,.T.);
#820 = EDGE_CURVE('',#813,#813,#821,.T.);
#821 = CIRCLE('',#822,4.95);
#822 = AXIS2_PLACEMENT_3D('',#823,#824,#825);
#823 = CARTESIAN_POINT('',(15.,24.,20.6));
#824 = DIRECTION('',(0.,0.,1.));
#825 = DIRECTION('',(1.,0.,0.));
#826 = ORIENTED_EDGE('',*,*,#812,.F.);
#827 = ORIENTED_EDGE('',*,*,#356,.T.);
#828 = ORIENTED_EDGE('',*,*,#143,.T.);
#829 = ORIENTED_EDGE('',*,*,#830,.F.);
#830 = EDGE_CURVE('',#152,#144,#831,.T.);
#831 = CIRCLE('',#832,4.95);
#832 = AXIS2_PLACEMENT_3D('',#833,#834,#835);
#833 = CARTESIAN_POINT('',(15.,24.,19.39));
#834 = DIRECTION('',(0.,0.,1.));
#835 = DIRECTION('',(1.,0.,0.));
#836 = ORIENTED_EDGE('',*,*,#159,.F.);
#837 = CYLINDRICAL_SURFACE('',#838,4.95);
#838 = AXIS2_PLACEMENT_3D('',#839,#840,#841);
#839 = CARTESIAN_POINT('',(15.,24.,19.39));
#840 = DIRECTION('',(-0.,-0.,-1.));
#841 = DIRECTION('',(1.,0.,0.));
#842 = ADVANCED_FACE('',(#843),#847,.T.);
#843 = FACE_BOUND('',#844,.T.);
#844 = EDGE_LOOP('',(#845,#846));
#845 = ORIENTED_EDGE('',*,*,#151,.T.);
#846 = ORIENTED_EDGE('',*,*,#830,.T.);
#847 = PLANE('',#848);
#848 = AXIS2_PLACEMENT_3D('',#849,#850,#851);
#849 = CARTESIAN_POINT('',(15.,24.,19.39));
#850 = DIRECTION('',(0.,0.,1.));
#851 = DIRECTION('',(1.,0.,0.));
#852 = ADVANCED_FACE('',(#853),#881,.F.);
#853 = FACE_BOUND('',#854,.T.);
#854 = EDGE_LOOP('',(#855,#863,#864,#865,#866,#874));
#855 = ORIENTED_EDGE('',*,*,#856,.T.);
#856 = EDGE_CURVE('',#857,#545,#859,.T.);
#857 = VERTEX_POINT('',#858);
#858 = CARTESIAN_POINT('',(2.832528842672,28.490621820404,4.22));
#859 = LINE('',#860,#861);
#860 = CARTESIAN_POINT('',(2.832528842672,28.490621820404,4.19));
#861 = VECTOR('',#862,1.);
#862 = DIRECTION('',(-0.,-0.,-1.));
#863 = ORIENTED_EDGE('',*,*,#544,.T.);
#864 = ORIENTED_EDGE('',*,*,#118,.T.);
#865 = ORIENTED_EDGE('',*,*,#367,.T.);
#866 = ORIENTED_EDGE('',*,*,#867,.F.);
#867 = EDGE_CURVE('',#868,#281,#870,.T.);
#868 = VERTEX_POINT('',#869);
#869 = CARTESIAN_POINT('',(1.5,27.,4.22));
#870 = LINE('',#871,#872);
#871 = CARTESIAN_POINT('',(1.5,27.,4.19));
#872 = VECTOR('',#873,1.);
#873 = DIRECTION('',(0.,0.,1.));
#874 = ORIENTED_EDGE('',*,*,#875,.T.);
#875 = EDGE_CURVE('',#868,#857,#876,.T.);
#876 = CIRCLE('',#877,1.5);
#877 = AXIS2_PLACEMENT_3D('',#878,#879,#880);
#878 = CARTESIAN_POINT('',(3.,27.,4.22));
#879 = DIRECTION('',(0.,0.,-1.));
#880 = DIRECTION('',(1.,0.,0.));
#881 = CYLINDRICAL_SURFACE('',#882,1.5);
#882 = AXIS2_PLACEMENT_3D('',#883,#884,#885);
#883 = CARTESIAN_POINT('',(3.,27.,4.19));
#884 = DIRECTION('',(-0.,-0.,-1.));
#885 = DIRECTION('',(1.,0.,0.));
#886 = ADVANCED_FACE('',(#887),#890,.F.);
#887 = FACE_BOUND('',#888,.T.);
#888 = EDGE_LOOP('',(#889));
#889 = ORIENTED_EDGE('',*,*,#262,.F.);
#890 = PLANE('',#891);
#891 = AXIS2_PLACEMENT_3D('',#892,#893,#894);
#892 = CARTESIAN_POINT('',(5.2,27.3,11.2));
#893 = DIRECTION('',(0.,0.,1.));
#894 = DIRECTION('',(1.,0.,0.));
#895 = ADVANCED_FACE('',(#896),#978,.T.);
#896 = FACE_BOUND('',#897,.T.);
#897 = EDGE_LOOP('',(#898,#906,#914,#922,#930,#938,#946,#954,#962,#970,
    #976,#977));
#898 = ORIENTED_EDGE('',*,*,#899,.F.);
#899 = EDGE_CURVE('',#900,#279,#902,.T.);
#900 = VERTEX_POINT('',#901);
#901 = CARTESIAN_POINT('',(1.5,3.,4.22));
#902 = LINE('',#903,#904);
#903 = CARTESIAN_POINT('',(1.5,3.,4.19));
#904 = VECTOR('',#905,1.);
#905 = DIRECTION('',(0.,0.,1.));
#906 = ORIENTED_EDGE('',*,*,#907,.F.);
#907 = EDGE_CURVE('',#908,#900,#910,.T.);
#908 = VERTEX_POINT('',#909);
#909 = CARTESIAN_POINT('',(1.5,8.,4.22));
#910 = LINE('',#911,#912);
#911 = CARTESIAN_POINT('',(1.5,9.,4.22));
#912 = VECTOR('',#913,1.);
#913 = DIRECTION('',(0.,-1.,0.));
#914 = ORIENTED_EDGE('',*,*,#915,.T.);
#915 = EDGE_CURVE('',#908,#916,#918,.T.);
#916 = VERTEX_POINT('',#917);
#917 = CARTESIAN_POINT('',(1.5,8.,6.2));
#918 = LINE('',#919,#920);
#919 = CARTESIAN_POINT('',(1.5,8.,4.2));
#920 = VECTOR('',#921,1.);
#921 = DIRECTION('',(0.,0.,1.));
#922 = ORIENTED_EDGE('',*,*,#923,.T.);
#923 = EDGE_CURVE('',#916,#924,#926,.T.);
#924 = VERTEX_POINT('',#925);
#925 = CARTESIAN_POINT('',(1.5,12.,6.2));
#926 = LINE('',#927,#928);
#927 = CARTESIAN_POINT('',(1.5,8.,6.2));
#928 = VECTOR('',#929,1.);
#929 = DIRECTION('',(0.,1.,0.));
#930 = ORIENTED_EDGE('',*,*,#931,.F.);
#931 = EDGE_CURVE('',#932,#924,#934,.T.);
#932 = VERTEX_POINT('',#933);
#933 = CARTESIAN_POINT('',(1.5,12.,4.22));
#934 = LINE('',#935,#936);
#935 = CARTESIAN_POINT('',(1.5,12.,4.2));
#936 = VECTOR('',#937,1.);
#937 = DIRECTION('',(0.,0.,1.));
#938 = ORIENTED_EDGE('',*,*,#939,.F.);
#939 = EDGE_CURVE('',#940,#932,#942,.T.);
#940 = VERTEX_POINT('',#941);
#941 = CARTESIAN_POINT('',(1.5,18.,4.22));
#942 = LINE('',#943,#944);
#943 = CARTESIAN_POINT('',(1.5,9.,4.22));
#944 = VECTOR('',#945,1.);
#945 = DIRECTION('',(0.,-1.,0.));
#946 = ORIENTED_EDGE('',*,*,#947,.T.);
#947 = EDGE_CURVE('',#940,#948,#950,.T.);
#948 = VERTEX_POINT('',#949);
#949 = CARTESIAN_POINT('',(1.5,18.,6.2));
#950 = LINE('',#951,#952);
#951 = CARTESIAN_POINT('',(1.5,18.,4.2));
#952 = VECTOR('',#953,1.);
#953 = DIRECTION('',(0.,0.,1.));
#954 = ORIENTED_EDGE('',*,*,#955,.T.);
#955 = EDGE_CURVE('',#948,#956,#958,.T.);
#956 = VERTEX_POINT('',#957);
#957 = CARTESIAN_POINT('',(1.5,22.,6.2));
#958 = LINE('',#959,#960);
#959 = CARTESIAN_POINT('',(1.5,18.,6.2));
#960 = VECTOR('',#961,1.);
#961 = DIRECTION('',(0.,1.,0.));
#962 = ORIENTED_EDGE('',*,*,#963,.F.);
#963 = EDGE_CURVE('',#964,#956,#966,.T.);
#964 = VERTEX_POINT('',#965);
#965 = CARTESIAN_POINT('',(1.5,22.,4.22));
#966 = LINE('',#967,#968);
#967 = CARTESIAN_POINT('',(1.5,22.,4.2));
#968 = VECTOR('',#969,1.);
#969 = DIRECTION('',(0.,0.,1.));
#970 = ORIENTED_EDGE('',*,*,#971,.F.);
#971 = EDGE_CURVE('',#868,#964,#972,.T.);
#972 = LINE('',#973,#974);
#973 = CARTESIAN_POINT('',(1.5,9.,4.22));
#974 = VECTOR('',#975,1.);
#975 = DIRECTION('',(0.,-1.,0.));
#976 = ORIENTED_EDGE('',*,*,#867,.T.);
#977 = ORIENTED_EDGE('',*,*,#278,.F.);
#978 = PLANE('',#979);
#979 = AXIS2_PLACEMENT_3D('',#980,#981,#982);
#980 = CARTESIAN_POINT('',(1.5,3.,4.19));
#981 = DIRECTION('',(1.,0.,0.));
#982 = DIRECTION('',(0.,0.,1.));
#983 = ADVANCED_FACE('',(#984),#1066,.F.);
#984 = FACE_BOUND('',#985,.F.);
#985 = EDGE_LOOP('',(#986,#994,#1002,#1010,#1018,#1026,#1034,#1042,#1050
    ,#1058,#1064,#1065));
#986 = ORIENTED_EDGE('',*,*,#987,.F.);
#987 = EDGE_CURVE('',#988,#306,#990,.T.);
#988 = VERTEX_POINT('',#989);
#989 = CARTESIAN_POINT('',(28.5,3.,4.22));
#990 = LINE('',#991,#992);
#991 = CARTESIAN_POINT('',(28.5,3.,4.19));
#992 = VECTOR('',#993,1.);
#993 = DIRECTION('',(0.,0.,1.));
#994 = ORIENTED_EDGE('',*,*,#995,.F.);
#995 = EDGE_CURVE('',#996,#988,#998,.T.);
#996 = VERTEX_POINT('',#997);
#997 = CARTESIAN_POINT('',(28.5,8.,4.22));
#998 = LINE('',#999,#1000);
#999 = CARTESIAN_POINT('',(28.5,9.,4.22));
#1000 = VECTOR('',#1001,1.);
#1001 = DIRECTION('',(0.,-1.,0.));
#1002 = ORIENTED_EDGE('',*,*,#1003,.T.);
#1003 = EDGE_CURVE('',#996,#1004,#1006,.T.);
#1004 = VERTEX_POINT('',#1005);
#1005 = CARTESIAN_POINT('',(28.5,8.,6.2));
#1006 = LINE('',#1007,#1008);
#1007 = CARTESIAN_POINT('',(28.5,8.,4.2));
#1008 = VECTOR('',#1009,1.);
#1009 = DIRECTION('',(0.,0.,1.));
#1010 = ORIENTED_EDGE('',*,*,#1011,.T.);
#1011 = EDGE_CURVE('',#1004,#1012,#1014,.T.);
#1012 = VERTEX_POINT('',#1013);
#1013 = CARTESIAN_POINT('',(28.5,12.,6.2));
#1014 = LINE('',#1015,#1016);
#1015 = CARTESIAN_POINT('',(28.5,8.,6.2));
#1016 = VECTOR('',#1017,1.);
#1017 = DIRECTION('',(0.,1.,0.));
#1018 = ORIENTED_EDGE('',*,*,#1019,.F.);
#1019 = EDGE_CURVE('',#1020,#1012,#1022,.T.);
#1020 = VERTEX_POINT('',#1021);
#1021 = CARTESIAN_POINT('',(28.5,12.,4.22));
#1022 = LINE('',#1023,#1024);
#1023 = CARTESIAN_POINT('',(28.5,12.,4.2));
#1024 = VECTOR('',#1025,1.);
#1025 = DIRECTION('',(0.,0.,1.));
#1026 = ORIENTED_EDGE('',*,*,#1027,.F.);
#1027 = EDGE_CURVE('',#1028,#1020,#1030,.T.);
#1028 = VERTEX_POINT('',#1029);
#1029 = CARTESIAN_POINT('',(28.5,18.,4.22));
#1030 = LINE('',#1031,#1032);
#1031 = CARTESIAN_POINT('',(28.5,9.,4.22));
#1032 = VECTOR('',#1033,1.);
#1033 = DIRECTION('',(0.,-1.,0.));
#1034 = ORIENTED_EDGE('',*,*,#1035,.T.);
#1035 = EDGE_CURVE('',#1028,#1036,#1038,.T.);
#1036 = VERTEX_POINT('',#1037);
#1037 = CARTESIAN_POINT('',(28.5,18.,6.2));
#1038 = LINE('',#1039,#1040);
#1039 = CARTESIAN_POINT('',(28.5,18.,4.2));
#1040 = VECTOR('',#1041,1.);
#1041 = DIRECTION('',(0.,0.,1.));
#1042 = ORIENTED_EDGE('',*,*,#1043,.T.);
#1043 = EDGE_CURVE('',#1036,#1044,#1046,.T.);
#1044 = VERTEX_POINT('',#1045);
#1045 = CARTESIAN_POINT('',(28.5,22.,6.2));
#1046 = LINE('',#1047,#1048);
#1047 = CARTESIAN_POINT('',(28.5,18.,6.2));
#1048 = VECTOR('',#1049,1.);
#1049 = DIRECTION('',(0.,1.,0.));
#1050 = ORIENTED_EDGE('',*,*,#1051,.F.);
#1051 = EDGE_CURVE('',#1052,#1044,#1054,.T.);
#1052 = VERTEX_POINT('',#1053);
#1053 = CARTESIAN_POINT('',(28.5,22.,4.22));
#1054 = LINE('',#1055,#1056);
#1055 = CARTESIAN_POINT('',(28.5,22.,4.2));
#1056 = VECTOR('',#1057,1.);
#1057 = DIRECTION('',(0.,0.,1.));
#1058 = ORIENTED_EDGE('',*,*,#1059,.F.);
#1059 = EDGE_CURVE('',#738,#1052,#1060,.T.);
#1060 = LINE('',#1061,#1062);
#1061 = CARTESIAN_POINT('',(28.5,9.,4.22));
#1062 = VECTOR('',#1063,1.);
#1063 = DIRECTION('',(0.,-1.,0.));
#1064 = ORIENTED_EDGE('',*,*,#746,.T.);
#1065 = ORIENTED_EDGE('',*,*,#314,.F.);
#1066 = PLANE('',#1067);
#1067 = AXIS2_PLACEMENT_3D('',#1068,#1069,#1070);
#1068 = CARTESIAN_POINT('',(28.5,3.,4.19));
#1069 = DIRECTION('',(1.,0.,0.));
#1070 = DIRECTION('',(0.,0.,1.));
#1071 = ADVANCED_FACE('',(#1072),#1091,.F.);
#1072 = FACE_BOUND('',#1073,.T.);
#1073 = EDGE_LOOP('',(#1074,#1082,#1083,#1084));
#1074 = ORIENTED_EDGE('',*,*,#1075,.T.);
#1075 = EDGE_CURVE('',#1076,#298,#1078,.T.);
#1076 = VERTEX_POINT('',#1077);
#1077 = CARTESIAN_POINT('',(27.,1.5,4.22));
#1078 = LINE('',#1079,#1080);
#1079 = CARTESIAN_POINT('',(27.,1.5,4.19));
#1080 = VECTOR('',#1081,1.);
#1081 = DIRECTION('',(0.,0.,1.));
#1082 = ORIENTED_EDGE('',*,*,#305,.T.);
#1083 = ORIENTED_EDGE('',*,*,#987,.F.);
#1084 = ORIENTED_EDGE('',*,*,#1085,.T.);
#1085 = EDGE_CURVE('',#988,#1076,#1086,.T.);
#1086 = CIRCLE('',#1087,1.5);
#1087 = AXIS2_PLACEMENT_3D('',#1088,#1089,#1090);
#1088 = CARTESIAN_POINT('',(27.,3.,4.22));
#1089 = DIRECTION('',(0.,0.,-1.));
#1090 = DIRECTION('',(1.,0.,0.));
#1091 = CYLINDRICAL_SURFACE('',#1092,1.5);
#1092 = AXIS2_PLACEMENT_3D('',#1093,#1094,#1095);
#1093 = CARTESIAN_POINT('',(27.,3.,4.19));
#1094 = DIRECTION('',(-0.,-0.,-1.));
#1095 = DIRECTION('',(1.,0.,0.));
#1096 = ADVANCED_FACE('',(#1097),#1211,.T.);
#1097 = FACE_BOUND('',#1098,.T.);
#1098 = EDGE_LOOP('',(#1099,#1109,#1115,#1116,#1117,#1125,#1133,#1141,
    #1149,#1157,#1165,#1173,#1181,#1189,#1197,#1205));
#1099 = ORIENTED_EDGE('',*,*,#1100,.F.);
#1100 = EDGE_CURVE('',#1101,#1103,#1105,.T.);
#1101 = VERTEX_POINT('',#1102);
#1102 = CARTESIAN_POINT('',(3.,1.5,4.22));
#1103 = VERTEX_POINT('',#1104);
#1104 = CARTESIAN_POINT('',(3.3,1.5,4.22));
#1105 = LINE('',#1106,#1107);
#1106 = CARTESIAN_POINT('',(9.,1.5,4.22));
#1107 = VECTOR('',#1108,1.);
#1108 = DIRECTION('',(1.,0.,0.));
#1109 = ORIENTED_EDGE('',*,*,#1110,.T.);
#1110 = EDGE_CURVE('',#1101,#289,#1111,.T.);
#1111 = LINE('',#1112,#1113);
#1112 = CARTESIAN_POINT('',(3.,1.5,4.19));
#1113 = VECTOR('',#1114,1.);
#1114 = DIRECTION('',(0.,0.,1.));
#1115 = ORIENTED_EDGE('',*,*,#297,.T.);
#1116 = ORIENTED_EDGE('',*,*,#1075,.F.);
#1117 = ORIENTED_EDGE('',*,*,#1118,.F.);
#1118 = EDGE_CURVE('',#1119,#1076,#1121,.T.);
#1119 = VERTEX_POINT('',#1120);
#1120 = CARTESIAN_POINT('',(26.7,1.5,4.22));
#1121 = LINE('',#1122,#1123);
#1122 = CARTESIAN_POINT('',(9.,1.5,4.22));
#1123 = VECTOR('',#1124,1.);
#1124 = DIRECTION('',(1.,0.,0.));
#1125 = ORIENTED_EDGE('',*,*,#1126,.T.);
#1126 = EDGE_CURVE('',#1119,#1127,#1129,.T.);
#1127 = VERTEX_POINT('',#1128);
#1128 = CARTESIAN_POINT('',(26.7,1.5,5.8));
#1129 = LINE('',#1130,#1131);
#1130 = CARTESIAN_POINT('',(26.7,1.5,4.2));
#1131 = VECTOR('',#1132,1.);
#1132 = DIRECTION('',(0.,0.,1.));
#1133 = ORIENTED_EDGE('',*,*,#1134,.F.);
#1134 = EDGE_CURVE('',#1135,#1127,#1137,.T.);
#1135 = VERTEX_POINT('',#1136);
#1136 = CARTESIAN_POINT('',(22.4,1.5,5.8));
#1137 = LINE('',#1138,#1139);
#1138 = CARTESIAN_POINT('',(22.4,1.5,5.8));
#1139 = VECTOR('',#1140,1.);
#1140 = DIRECTION('',(1.,0.,0.));
#1141 = ORIENTED_EDGE('',*,*,#1142,.F.);
#1142 = EDGE_CURVE('',#1143,#1135,#1145,.T.);
#1143 = VERTEX_POINT('',#1144);
#1144 = CARTESIAN_POINT('',(22.4,1.5,4.22));
#1145 = LINE('',#1146,#1147);
#1146 = CARTESIAN_POINT('',(22.4,1.5,4.2));
#1147 = VECTOR('',#1148,1.);
#1148 = DIRECTION('',(0.,0.,1.));
#1149 = ORIENTED_EDGE('',*,*,#1150,.F.);
#1150 = EDGE_CURVE('',#1151,#1143,#1153,.T.);
#1151 = VERTEX_POINT('',#1152);
#1152 = CARTESIAN_POINT('',(21.5,1.5,4.22));
#1153 = LINE('',#1154,#1155);
#1154 = CARTESIAN_POINT('',(9.,1.5,4.22));
#1155 = VECTOR('',#1156,1.);
#1156 = DIRECTION('',(1.,0.,0.));
#1157 = ORIENTED_EDGE('',*,*,#1158,.F.);
#1158 = EDGE_CURVE('',#1159,#1151,#1161,.T.);
#1159 = VERTEX_POINT('',#1160);
#1160 = CARTESIAN_POINT('',(21.5,1.5,10.85));
#1161 = LINE('',#1162,#1163);
#1162 = CARTESIAN_POINT('',(21.5,1.5,4.12));
#1163 = VECTOR('',#1164,1.);
#1164 = DIRECTION('',(0.,0.,-1.));
#1165 = ORIENTED_EDGE('',*,*,#1166,.F.);
#1166 = EDGE_CURVE('',#1167,#1159,#1169,.T.);
#1167 = VERTEX_POINT('',#1168);
#1168 = CARTESIAN_POINT('',(8.5,1.5,10.85));
#1169 = LINE('',#1170,#1171);
#1170 = CARTESIAN_POINT('',(5.75,1.5,10.85));
#1171 = VECTOR('',#1172,1.);
#1172 = DIRECTION('',(1.,0.,0.));
#1173 = ORIENTED_EDGE('',*,*,#1174,.T.);
#1174 = EDGE_CURVE('',#1167,#1175,#1177,.T.);
#1175 = VERTEX_POINT('',#1176);
#1176 = CARTESIAN_POINT('',(8.5,1.5,4.22));
#1177 = LINE('',#1178,#1179);
#1178 = CARTESIAN_POINT('',(8.5,1.5,4.12));
#1179 = VECTOR('',#1180,1.);
#1180 = DIRECTION('',(0.,0.,-1.));
#1181 = ORIENTED_EDGE('',*,*,#1182,.F.);
#1182 = EDGE_CURVE('',#1183,#1175,#1185,.T.);
#1183 = VERTEX_POINT('',#1184);
#1184 = CARTESIAN_POINT('',(7.6,1.5,4.22));
#1185 = LINE('',#1186,#1187);
#1186 = CARTESIAN_POINT('',(9.,1.5,4.22));
#1187 = VECTOR('',#1188,1.);
#1188 = DIRECTION('',(1.,0.,0.));
#1189 = ORIENTED_EDGE('',*,*,#1190,.T.);
#1190 = EDGE_CURVE('',#1183,#1191,#1193,.T.);
#1191 = VERTEX_POINT('',#1192);
#1192 = CARTESIAN_POINT('',(7.6,1.5,5.8));
#1193 = LINE('',#1194,#1195);
#1194 = CARTESIAN_POINT('',(7.6,1.5,4.2));
#1195 = VECTOR('',#1196,1.);
#1196 = DIRECTION('',(0.,0.,1.));
#1197 = ORIENTED_EDGE('',*,*,#1198,.F.);
#1198 = EDGE_CURVE('',#1199,#1191,#1201,.T.);
#1199 = VERTEX_POINT('',#1200);
#1200 = CARTESIAN_POINT('',(3.3,1.5,5.8));
#1201 = LINE('',#1202,#1203);
#1202 = CARTESIAN_POINT('',(3.3,1.5,5.8));
#1203 = VECTOR('',#1204,1.);
#1204 = DIRECTION('',(1.,0.,0.));
#1205 = ORIENTED_EDGE('',*,*,#1206,.F.);
#1206 = EDGE_CURVE('',#1103,#1199,#1207,.T.);
#1207 = LINE('',#1208,#1209);
#1208 = CARTESIAN_POINT('',(3.3,1.5,4.2));
#1209 = VECTOR('',#1210,1.);
#1210 = DIRECTION('',(0.,0.,1.));
#1211 = PLANE('',#1212);
#1212 = AXIS2_PLACEMENT_3D('',#1213,#1214,#1215);
#1213 = CARTESIAN_POINT('',(3.,1.5,4.19));
#1214 = DIRECTION('',(0.,1.,0.));
#1215 = DIRECTION('',(0.,0.,1.));
#1216 = ADVANCED_FACE('',(#1217),#1229,.F.);
#1217 = FACE_BOUND('',#1218,.T.);
#1218 = EDGE_LOOP('',(#1219,#1220,#1227,#1228));
#1219 = ORIENTED_EDGE('',*,*,#1110,.F.);
#1220 = ORIENTED_EDGE('',*,*,#1221,.T.);
#1221 = EDGE_CURVE('',#1101,#900,#1222,.T.);
#1222 = CIRCLE('',#1223,1.5);
#1223 = AXIS2_PLACEMENT_3D('',#1224,#1225,#1226);
#1224 = CARTESIAN_POINT('',(3.,3.,4.22));
#1225 = DIRECTION('',(0.,0.,-1.));
#1226 = DIRECTION('',(1.,0.,0.));
#1227 = ORIENTED_EDGE('',*,*,#899,.T.);
#1228 = ORIENTED_EDGE('',*,*,#288,.T.);
#1229 = CYLINDRICAL_SURFACE('',#1230,1.5);
#1230 = AXIS2_PLACEMENT_3D('',#1231,#1232,#1233);
#1231 = CARTESIAN_POINT('',(3.,3.,4.19));
#1232 = DIRECTION('',(-0.,-0.,-1.));
#1233 = DIRECTION('',(1.,0.,0.));
#1234 = ADVANCED_FACE('',(#1235),#1261,.T.);
#1235 = FACE_BOUND('',#1236,.F.);
#1236 = EDGE_LOOP('',(#1237,#1245,#1246,#1254));
#1237 = ORIENTED_EDGE('',*,*,#1238,.F.);
#1238 = EDGE_CURVE('',#385,#1239,#1241,.T.);
#1239 = VERTEX_POINT('',#1240);
#1240 = CARTESIAN_POINT('',(3.,0.,21.4));
#1241 = LINE('',#1242,#1243);
#1242 = CARTESIAN_POINT('',(3.,0.,4.2));
#1243 = VECTOR('',#1244,1.);
#1244 = DIRECTION('',(0.,0.,1.));
#1245 = ORIENTED_EDGE('',*,*,#382,.F.);
#1246 = ORIENTED_EDGE('',*,*,#1247,.T.);
#1247 = EDGE_CURVE('',#383,#1248,#1250,.T.);
#1248 = VERTEX_POINT('',#1249);
#1249 = CARTESIAN_POINT('',(0.,3.,21.4));
#1250 = LINE('',#1251,#1252);
#1251 = CARTESIAN_POINT('',(0.,3.,4.2));
#1252 = VECTOR('',#1253,1.);
#1253 = DIRECTION('',(0.,0.,1.));
#1254 = ORIENTED_EDGE('',*,*,#1255,.T.);
#1255 = EDGE_CURVE('',#1248,#1239,#1256,.T.);
#1256 = CIRCLE('',#1257,3.);
#1257 = AXIS2_PLACEMENT_3D('',#1258,#1259,#1260);
#1258 = CARTESIAN_POINT('',(3.,3.,21.4));
#1259 = DIRECTION('',(0.,0.,1.));
#1260 = DIRECTION('',(1.,0.,0.));
#1261 = CYLINDRICAL_SURFACE('',#1262,3.);
#1262 = AXIS2_PLACEMENT_3D('',#1263,#1264,#1265);
#1263 = CARTESIAN_POINT('',(3.,3.,4.2));
#1264 = DIRECTION('',(-0.,-0.,-1.));
#1265 = DIRECTION('',(1.,0.,0.));
#1266 = ADVANCED_FACE('',(#1267),#1308,.F.);
#1267 = FACE_BOUND('',#1268,.F.);
#1268 = EDGE_LOOP('',(#1269,#1270,#1271,#1279,#1285,#1286,#1294,#1302));
#1269 = ORIENTED_EDGE('',*,*,#612,.F.);
#1270 = ORIENTED_EDGE('',*,*,#1238,.T.);
#1271 = ORIENTED_EDGE('',*,*,#1272,.T.);
#1272 = EDGE_CURVE('',#1239,#1273,#1275,.T.);
#1273 = VERTEX_POINT('',#1274);
#1274 = CARTESIAN_POINT('',(27.,0.,21.4));
#1275 = LINE('',#1276,#1277);
#1276 = CARTESIAN_POINT('',(3.,0.,21.4));
#1277 = VECTOR('',#1278,1.);
#1278 = DIRECTION('',(1.,0.,0.));
#1279 = ORIENTED_EDGE('',*,*,#1280,.F.);
#1280 = EDGE_CURVE('',#436,#1273,#1281,.T.);
#1281 = LINE('',#1282,#1283);
#1282 = CARTESIAN_POINT('',(27.,0.,4.2));
#1283 = VECTOR('',#1284,1.);
#1284 = DIRECTION('',(0.,0.,1.));
#1285 = ORIENTED_EDGE('',*,*,#444,.F.);
#1286 = ORIENTED_EDGE('',*,*,#1287,.F.);
#1287 = EDGE_CURVE('',#1288,#445,#1290,.T.);
#1288 = VERTEX_POINT('',#1289);
#1289 = CARTESIAN_POINT('',(21.5,0.,10.85));
#1290 = LINE('',#1291,#1292);
#1291 = CARTESIAN_POINT('',(21.5,0.,4.125));
#1292 = VECTOR('',#1293,1.);
#1293 = DIRECTION('',(0.,0.,-1.));
#1294 = ORIENTED_EDGE('',*,*,#1295,.F.);
#1295 = EDGE_CURVE('',#1296,#1288,#1298,.T.);
#1296 = VERTEX_POINT('',#1297);
#1297 = CARTESIAN_POINT('',(8.5,0.,10.85));
#1298 = LINE('',#1299,#1300);
#1299 = CARTESIAN_POINT('',(5.75,0.,10.85));
#1300 = VECTOR('',#1301,1.);
#1301 = DIRECTION('',(1.,0.,0.));
#1302 = ORIENTED_EDGE('',*,*,#1303,.T.);
#1303 = EDGE_CURVE('',#1296,#605,#1304,.T.);
#1304 = LINE('',#1305,#1306);
#1305 = CARTESIAN_POINT('',(8.5,0.,4.125));
#1306 = VECTOR('',#1307,1.);
#1307 = DIRECTION('',(0.,0.,-1.));
#1308 = PLANE('',#1309);
#1309 = AXIS2_PLACEMENT_3D('',#1310,#1311,#1312);
#1310 = CARTESIAN_POINT('',(3.,0.,4.2));
#1311 = DIRECTION('',(0.,1.,0.));
#1312 = DIRECTION('',(0.,0.,1.));
#1313 = ADVANCED_FACE('',(#1314),#1355,.T.);
#1314 = FACE_BOUND('',#1315,.T.);
#1315 = EDGE_LOOP('',(#1316,#1322,#1323,#1324,#1332,#1340,#1348,#1354));
#1316 = ORIENTED_EDGE('',*,*,#1317,.F.);
#1317 = EDGE_CURVE('',#1296,#1167,#1318,.T.);
#1318 = LINE('',#1319,#1320);
#1319 = CARTESIAN_POINT('',(8.5,-1.,10.85));
#1320 = VECTOR('',#1321,1.);
#1321 = DIRECTION('',(0.,1.,0.));
#1322 = ORIENTED_EDGE('',*,*,#1303,.T.);
#1323 = ORIENTED_EDGE('',*,*,#604,.F.);
#1324 = ORIENTED_EDGE('',*,*,#1325,.T.);
#1325 = EDGE_CURVE('',#597,#1326,#1328,.T.);
#1326 = VERTEX_POINT('',#1327);
#1327 = CARTESIAN_POINT('',(8.5,1.1,4.05));
#1328 = LINE('',#1329,#1330);
#1329 = CARTESIAN_POINT('',(8.5,1.1,3.325));
#1330 = VECTOR('',#1331,1.);
#1331 = DIRECTION('',(0.,0.,-1.));
#1332 = ORIENTED_EDGE('',*,*,#1333,.T.);
#1333 = EDGE_CURVE('',#1326,#1334,#1336,.T.);
#1334 = VERTEX_POINT('',#1335);
#1335 = CARTESIAN_POINT('',(8.5,2.3,4.05));
#1336 = LINE('',#1337,#1338);
#1337 = CARTESIAN_POINT('',(8.5,-1.,4.05));
#1338 = VECTOR('',#1339,1.);
#1339 = DIRECTION('',(0.,1.,0.));
#1340 = ORIENTED_EDGE('',*,*,#1341,.F.);
#1341 = EDGE_CURVE('',#1342,#1334,#1344,.T.);
#1342 = VERTEX_POINT('',#1343);
#1343 = CARTESIAN_POINT('',(8.5,2.3,4.22));
#1344 = LINE('',#1345,#1346);
#1345 = CARTESIAN_POINT('',(8.5,2.3,3.32));
#1346 = VECTOR('',#1347,1.);
#1347 = DIRECTION('',(0.,0.,-1.));
#1348 = ORIENTED_EDGE('',*,*,#1349,.F.);
#1349 = EDGE_CURVE('',#1175,#1342,#1350,.T.);
#1350 = LINE('',#1351,#1352);
#1351 = CARTESIAN_POINT('',(8.5,7.,4.22));
#1352 = VECTOR('',#1353,1.);
#1353 = DIRECTION('',(0.,1.,0.));
#1354 = ORIENTED_EDGE('',*,*,#1174,.F.);
#1355 = PLANE('',#1356);
#1356 = AXIS2_PLACEMENT_3D('',#1357,#1358,#1359);
#1357 = CARTESIAN_POINT('',(8.5,-1.,4.05));
#1358 = DIRECTION('',(1.,0.,0.));
#1359 = DIRECTION('',(0.,0.,1.));
#1360 = ADVANCED_FACE('',(#1361),#1402,.F.);
#1361 = FACE_BOUND('',#1362,.F.);
#1362 = EDGE_LOOP('',(#1363,#1373,#1379,#1380,#1381,#1389,#1395,#1396));
#1363 = ORIENTED_EDGE('',*,*,#1364,.F.);
#1364 = EDGE_CURVE('',#1365,#1367,#1369,.T.);
#1365 = VERTEX_POINT('',#1366);
#1366 = CARTESIAN_POINT('',(3.,1.1,2.6));
#1367 = VERTEX_POINT('',#1368);
#1368 = CARTESIAN_POINT('',(27.,1.1,2.6));
#1369 = LINE('',#1370,#1371);
#1370 = CARTESIAN_POINT('',(3.,1.1,2.6));
#1371 = VECTOR('',#1372,1.);
#1372 = DIRECTION('',(1.,0.,0.));
#1373 = ORIENTED_EDGE('',*,*,#1374,.T.);
#1374 = EDGE_CURVE('',#1365,#588,#1375,.T.);
#1375 = LINE('',#1376,#1377);
#1376 = CARTESIAN_POINT('',(3.,1.1,2.6));
#1377 = VECTOR('',#1378,1.);
#1378 = DIRECTION('',(0.,0.,1.));
#1379 = ORIENTED_EDGE('',*,*,#596,.T.);
#1380 = ORIENTED_EDGE('',*,*,#1325,.T.);
#1381 = ORIENTED_EDGE('',*,*,#1382,.T.);
#1382 = EDGE_CURVE('',#1326,#1383,#1385,.T.);
#1383 = VERTEX_POINT('',#1384);
#1384 = CARTESIAN_POINT('',(21.5,1.1,4.05));
#1385 = LINE('',#1386,#1387);
#1386 = CARTESIAN_POINT('',(5.75,1.1,4.05));
#1387 = VECTOR('',#1388,1.);
#1388 = DIRECTION('',(1.,0.,0.));
#1389 = ORIENTED_EDGE('',*,*,#1390,.F.);
#1390 = EDGE_CURVE('',#453,#1383,#1391,.T.);
#1391 = LINE('',#1392,#1393);
#1392 = CARTESIAN_POINT('',(21.5,1.1,3.325));
#1393 = VECTOR('',#1394,1.);
#1394 = DIRECTION('',(0.,0.,-1.));
#1395 = ORIENTED_EDGE('',*,*,#460,.T.);
#1396 = ORIENTED_EDGE('',*,*,#1397,.F.);
#1397 = EDGE_CURVE('',#1367,#461,#1398,.T.);
#1398 = LINE('',#1399,#1400);
#1399 = CARTESIAN_POINT('',(27.,1.1,2.6));
#1400 = VECTOR('',#1401,1.);
#1401 = DIRECTION('',(0.,0.,1.));
#1402 = PLANE('',#1403);
#1403 = AXIS2_PLACEMENT_3D('',#1404,#1405,#1406);
#1404 = CARTESIAN_POINT('',(3.,1.1,2.6));
#1405 = DIRECTION('',(0.,1.,0.));
#1406 = DIRECTION('',(0.,0.,1.));
#1407 = ADVANCED_FACE('',(#1408),#1427,.T.);
#1408 = FACE_BOUND('',#1409,.F.);
#1409 = EDGE_LOOP('',(#1410,#1411,#1420,#1426));
#1410 = ORIENTED_EDGE('',*,*,#1374,.F.);
#1411 = ORIENTED_EDGE('',*,*,#1412,.F.);
#1412 = EDGE_CURVE('',#1413,#1365,#1415,.T.);
#1413 = VERTEX_POINT('',#1414);
#1414 = CARTESIAN_POINT('',(1.1,3.,2.6));
#1415 = CIRCLE('',#1416,1.9);
#1416 = AXIS2_PLACEMENT_3D('',#1417,#1418,#1419);
#1417 = CARTESIAN_POINT('',(3.,3.,2.6));
#1418 = DIRECTION('',(0.,0.,1.));
#1419 = DIRECTION('',(1.,0.,0.));
#1420 = ORIENTED_EDGE('',*,*,#1421,.T.);
#1421 = EDGE_CURVE('',#1413,#580,#1422,.T.);
#1422 = LINE('',#1423,#1424);
#1423 = CARTESIAN_POINT('',(1.1,3.,2.6));
#1424 = VECTOR('',#1425,1.);
#1425 = DIRECTION('',(0.,0.,1.));
#1426 = ORIENTED_EDGE('',*,*,#587,.F.);
#1427 = CYLINDRICAL_SURFACE('',#1428,1.9);
#1428 = AXIS2_PLACEMENT_3D('',#1429,#1430,#1431);
#1429 = CARTESIAN_POINT('',(3.,3.,2.6));
#1430 = DIRECTION('',(-0.,-0.,-1.));
#1431 = DIRECTION('',(1.,0.,0.));
#1432 = ADVANCED_FACE('',(#1433),#1451,.F.);
#1433 = FACE_BOUND('',#1434,.F.);
#1434 = EDGE_LOOP('',(#1435,#1436,#1444,#1450));
#1435 = ORIENTED_EDGE('',*,*,#1421,.F.);
#1436 = ORIENTED_EDGE('',*,*,#1437,.T.);
#1437 = EDGE_CURVE('',#1413,#1438,#1440,.T.);
#1438 = VERTEX_POINT('',#1439);
#1439 = CARTESIAN_POINT('',(1.1,27.,2.6));
#1440 = LINE('',#1441,#1442);
#1441 = CARTESIAN_POINT('',(1.1,3.,2.6));
#1442 = VECTOR('',#1443,1.);
#1443 = DIRECTION('',(0.,1.,0.));
#1444 = ORIENTED_EDGE('',*,*,#1445,.T.);
#1445 = EDGE_CURVE('',#1438,#571,#1446,.T.);
#1446 = LINE('',#1447,#1448);
#1447 = CARTESIAN_POINT('',(1.1,27.,2.6));
#1448 = VECTOR('',#1449,1.);
#1449 = DIRECTION('',(0.,0.,1.));
#1450 = ORIENTED_EDGE('',*,*,#579,.T.);
#1451 = PLANE('',#1452);
#1452 = AXIS2_PLACEMENT_3D('',#1453,#1454,#1455);
#1453 = CARTESIAN_POINT('',(1.1,3.,2.6));
#1454 = DIRECTION('',(1.,0.,0.));
#1455 = DIRECTION('',(0.,0.,1.));
#1456 = ADVANCED_FACE('',(#1457),#1476,.T.);
#1457 = FACE_BOUND('',#1458,.F.);
#1458 = EDGE_LOOP('',(#1459,#1468,#1474,#1475));
#1459 = ORIENTED_EDGE('',*,*,#1460,.F.);
#1460 = EDGE_CURVE('',#1461,#1438,#1463,.T.);
#1461 = VERTEX_POINT('',#1462);
#1462 = CARTESIAN_POINT('',(3.,28.9,2.6));
#1463 = CIRCLE('',#1464,1.9);
#1464 = AXIS2_PLACEMENT_3D('',#1465,#1466,#1467);
#1465 = CARTESIAN_POINT('',(3.,27.,2.6));
#1466 = DIRECTION('',(0.,0.,1.));
#1467 = DIRECTION('',(1.,0.,0.));
#1468 = ORIENTED_EDGE('',*,*,#1469,.T.);
#1469 = EDGE_CURVE('',#1461,#563,#1470,.T.);
#1470 = LINE('',#1471,#1472);
#1471 = CARTESIAN_POINT('',(3.,28.9,2.6));
#1472 = VECTOR('',#1473,1.);
#1473 = DIRECTION('',(0.,0.,1.));
#1474 = ORIENTED_EDGE('',*,*,#570,.F.);
#1475 = ORIENTED_EDGE('',*,*,#1445,.F.);
#1476 = CYLINDRICAL_SURFACE('',#1477,1.9);
#1477 = AXIS2_PLACEMENT_3D('',#1478,#1479,#1480);
#1478 = CARTESIAN_POINT('',(3.,27.,2.6));
#1479 = DIRECTION('',(-0.,-0.,-1.));
#1480 = DIRECTION('',(1.,0.,0.));
#1481 = ADVANCED_FACE('',(#1482),#1500,.T.);
#1482 = FACE_BOUND('',#1483,.T.);
#1483 = EDGE_LOOP('',(#1484,#1492,#1493,#1494));
#1484 = ORIENTED_EDGE('',*,*,#1485,.F.);
#1485 = EDGE_CURVE('',#1461,#1486,#1488,.T.);
#1486 = VERTEX_POINT('',#1487);
#1487 = CARTESIAN_POINT('',(3.087536982572,28.9,2.6));
#1488 = LINE('',#1489,#1490);
#1489 = CARTESIAN_POINT('',(3.,28.9,2.6));
#1490 = VECTOR('',#1491,1.);
#1491 = DIRECTION('',(1.,0.,0.));
#1492 = ORIENTED_EDGE('',*,*,#1469,.T.);
#1493 = ORIENTED_EDGE('',*,*,#562,.T.);
#1494 = ORIENTED_EDGE('',*,*,#1495,.T.);
#1495 = EDGE_CURVE('',#554,#1486,#1496,.T.);
#1496 = LINE('',#1497,#1498);
#1497 = CARTESIAN_POINT('',(3.087536982572,28.9,2.5));
#1498 = VECTOR('',#1499,1.);
#1499 = DIRECTION('',(-0.,-0.,-1.));
#1500 = PLANE('',#1501);
#1501 = AXIS2_PLACEMENT_3D('',#1502,#1503,#1504);
#1502 = CARTESIAN_POINT('',(3.,28.9,2.6));
#1503 = DIRECTION('',(0.,1.,0.));
#1504 = DIRECTION('',(0.,0.,1.));
#1505 = ADVANCED_FACE('',(#1506),#1535,.F.);
#1506 = FACE_BOUND('',#1507,.T.);
#1507 = EDGE_LOOP('',(#1508,#1517,#1525,#1532,#1533,#1534));
#1508 = ORIENTED_EDGE('',*,*,#1509,.F.);
#1509 = EDGE_CURVE('',#1510,#857,#1512,.T.);
#1510 = VERTEX_POINT('',#1511);
#1511 = CARTESIAN_POINT('',(2.561401458286,27.54555597257,4.22));
#1512 = CIRCLE('',#1513,2.65);
#1513 = AXIS2_PLACEMENT_3D('',#1514,#1515,#1516);
#1514 = CARTESIAN_POINT('',(5.2,27.3,4.22));
#1515 = DIRECTION('',(0.,0.,-1.));
#1516 = DIRECTION('',(1.,0.,0.));
#1517 = ORIENTED_EDGE('',*,*,#1518,.T.);
#1518 = EDGE_CURVE('',#1510,#1519,#1521,.T.);
#1519 = VERTEX_POINT('',#1520);
#1520 = CARTESIAN_POINT('',(2.561401458286,27.54555597257,2.6));
#1521 = LINE('',#1522,#1523);
#1522 = CARTESIAN_POINT('',(2.561401458286,27.54555597257,2.59));
#1523 = VECTOR('',#1524,1.);
#1524 = DIRECTION('',(-0.,-0.,-1.));
#1525 = ORIENTED_EDGE('',*,*,#1526,.T.);
#1526 = EDGE_CURVE('',#1519,#1486,#1527,.T.);
#1527 = CIRCLE('',#1528,2.65);
#1528 = AXIS2_PLACEMENT_3D('',#1529,#1530,#1531);
#1529 = CARTESIAN_POINT('',(5.2,27.3,2.6));
#1530 = DIRECTION('',(0.,0.,-1.));
#1531 = DIRECTION('',(1.,0.,0.));
#1532 = ORIENTED_EDGE('',*,*,#1495,.F.);
#1533 = ORIENTED_EDGE('',*,*,#553,.F.);
#1534 = ORIENTED_EDGE('',*,*,#856,.F.);
#1535 = CYLINDRICAL_SURFACE('',#1536,2.65);
#1536 = AXIS2_PLACEMENT_3D('',#1537,#1538,#1539);
#1537 = CARTESIAN_POINT('',(5.2,27.3,2.5));
#1538 = DIRECTION('',(-0.,-0.,-1.));
#1539 = DIRECTION('',(1.,0.,0.));
#1540 = ADVANCED_FACE('',(#1541),#1552,.T.);
#1541 = FACE_BOUND('',#1542,.T.);
#1542 = EDGE_LOOP('',(#1543,#1549,#1550,#1551));
#1543 = ORIENTED_EDGE('',*,*,#1544,.F.);
#1544 = EDGE_CURVE('',#638,#703,#1545,.T.);
#1545 = LINE('',#1546,#1547);
#1546 = CARTESIAN_POINT('',(3.,28.9,2.6));
#1547 = VECTOR('',#1548,1.);
#1548 = DIRECTION('',(1.,0.,0.));
#1549 = ORIENTED_EDGE('',*,*,#637,.F.);
#1550 = ORIENTED_EDGE('',*,*,#528,.T.);
#1551 = ORIENTED_EDGE('',*,*,#711,.T.);
#1552 = PLANE('',#1553);
#1553 = AXIS2_PLACEMENT_3D('',#1554,#1555,#1556);
#1554 = CARTESIAN_POINT('',(3.,28.9,2.6));
#1555 = DIRECTION('',(0.,1.,0.));
#1556 = DIRECTION('',(0.,0.,1.));
#1557 = ADVANCED_FACE('',(#1558),#1594,.F.);
#1558 = FACE_BOUND('',#1559,.T.);
#1559 = EDGE_LOOP('',(#1560,#1569,#1570,#1571,#1579,#1588));
#1560 = ORIENTED_EDGE('',*,*,#1561,.F.);
#1561 = EDGE_CURVE('',#730,#1562,#1564,.T.);
#1562 = VERTEX_POINT('',#1563);
#1563 = CARTESIAN_POINT('',(27.438598541714,27.54555597257,4.22));
#1564 = CIRCLE('',#1565,2.65);
#1565 = AXIS2_PLACEMENT_3D('',#1566,#1567,#1568);
#1566 = CARTESIAN_POINT('',(24.8,27.3,4.22));
#1567 = DIRECTION('',(0.,0.,-1.));
#1568 = DIRECTION('',(1.,0.,0.));
#1569 = ORIENTED_EDGE('',*,*,#729,.T.);
#1570 = ORIENTED_EDGE('',*,*,#502,.F.);
#1571 = ORIENTED_EDGE('',*,*,#1572,.T.);
#1572 = EDGE_CURVE('',#495,#1573,#1575,.T.);
#1573 = VERTEX_POINT('',#1574);
#1574 = CARTESIAN_POINT('',(26.912463017428,28.9,2.6));
#1575 = LINE('',#1576,#1577);
#1576 = CARTESIAN_POINT('',(26.912463017428,28.9,2.5));
#1577 = VECTOR('',#1578,1.);
#1578 = DIRECTION('',(-0.,-0.,-1.));
#1579 = ORIENTED_EDGE('',*,*,#1580,.T.);
#1580 = EDGE_CURVE('',#1573,#1581,#1583,.T.);
#1581 = VERTEX_POINT('',#1582);
#1582 = CARTESIAN_POINT('',(27.438598541714,27.54555597257,2.6));
#1583 = CIRCLE('',#1584,2.65);
#1584 = AXIS2_PLACEMENT_3D('',#1585,#1586,#1587);
#1585 = CARTESIAN_POINT('',(24.8,27.3,2.6));
#1586 = DIRECTION('',(0.,0.,-1.));
#1587 = DIRECTION('',(1.,0.,0.));
#1588 = ORIENTED_EDGE('',*,*,#1589,.F.);
#1589 = EDGE_CURVE('',#1562,#1581,#1590,.T.);
#1590 = LINE('',#1591,#1592);
#1591 = CARTESIAN_POINT('',(27.438598541714,27.54555597257,2.59));
#1592 = VECTOR('',#1593,1.);
#1593 = DIRECTION('',(-0.,-0.,-1.));
#1594 = CYLINDRICAL_SURFACE('',#1595,2.65);
#1595 = AXIS2_PLACEMENT_3D('',#1596,#1597,#1598);
#1596 = CARTESIAN_POINT('',(24.8,27.3,2.5));
#1597 = DIRECTION('',(-0.,-0.,-1.));
#1598 = DIRECTION('',(1.,0.,0.));
#1599 = ADVANCED_FACE('',(#1600),#1618,.T.);
#1600 = FACE_BOUND('',#1601,.T.);
#1601 = EDGE_LOOP('',(#1602,#1610,#1611,#1612));
#1602 = ORIENTED_EDGE('',*,*,#1603,.F.);
#1603 = EDGE_CURVE('',#1573,#1604,#1606,.T.);
#1604 = VERTEX_POINT('',#1605);
#1605 = CARTESIAN_POINT('',(27.,28.9,2.6));
#1606 = LINE('',#1607,#1608);
#1607 = CARTESIAN_POINT('',(3.,28.9,2.6));
#1608 = VECTOR('',#1609,1.);
#1609 = DIRECTION('',(1.,0.,0.));
#1610 = ORIENTED_EDGE('',*,*,#1572,.F.);
#1611 = ORIENTED_EDGE('',*,*,#494,.T.);
#1612 = ORIENTED_EDGE('',*,*,#1613,.F.);
#1613 = EDGE_CURVE('',#1604,#486,#1614,.T.);
#1614 = LINE('',#1615,#1616);
#1615 = CARTESIAN_POINT('',(27.,28.9,2.6));
#1616 = VECTOR('',#1617,1.);
#1617 = DIRECTION('',(0.,0.,1.));
#1618 = PLANE('',#1619);
#1619 = AXIS2_PLACEMENT_3D('',#1620,#1621,#1622);
#1620 = CARTESIAN_POINT('',(3.,28.9,2.6));
#1621 = DIRECTION('',(0.,1.,0.));
#1622 = DIRECTION('',(0.,0.,1.));
#1623 = ADVANCED_FACE('',(#1624),#1643,.T.);
#1624 = FACE_BOUND('',#1625,.F.);
#1625 = EDGE_LOOP('',(#1626,#1635,#1641,#1642));
#1626 = ORIENTED_EDGE('',*,*,#1627,.F.);
#1627 = EDGE_CURVE('',#1628,#1604,#1630,.T.);
#1628 = VERTEX_POINT('',#1629);
#1629 = CARTESIAN_POINT('',(28.9,27.,2.6));
#1630 = CIRCLE('',#1631,1.9);
#1631 = AXIS2_PLACEMENT_3D('',#1632,#1633,#1634);
#1632 = CARTESIAN_POINT('',(27.,27.,2.6));
#1633 = DIRECTION('',(0.,0.,1.));
#1634 = DIRECTION('',(1.,0.,0.));
#1635 = ORIENTED_EDGE('',*,*,#1636,.T.);
#1636 = EDGE_CURVE('',#1628,#478,#1637,.T.);
#1637 = LINE('',#1638,#1639);
#1638 = CARTESIAN_POINT('',(28.9,27.,2.6));
#1639 = VECTOR('',#1640,1.);
#1640 = DIRECTION('',(0.,0.,1.));
#1641 = ORIENTED_EDGE('',*,*,#485,.F.);
#1642 = ORIENTED_EDGE('',*,*,#1613,.F.);
#1643 = CYLINDRICAL_SURFACE('',#1644,1.9);
#1644 = AXIS2_PLACEMENT_3D('',#1645,#1646,#1647);
#1645 = CARTESIAN_POINT('',(27.,27.,2.6));
#1646 = DIRECTION('',(-0.,-0.,-1.));
#1647 = DIRECTION('',(1.,0.,0.));
#1648 = ADVANCED_FACE('',(#1649),#1667,.T.);
#1649 = FACE_BOUND('',#1650,.T.);
#1650 = EDGE_LOOP('',(#1651,#1659,#1665,#1666));
#1651 = ORIENTED_EDGE('',*,*,#1652,.F.);
#1652 = EDGE_CURVE('',#1653,#469,#1655,.T.);
#1653 = VERTEX_POINT('',#1654);
#1654 = CARTESIAN_POINT('',(28.9,3.,2.6));
#1655 = LINE('',#1656,#1657);
#1656 = CARTESIAN_POINT('',(28.9,3.,2.6));
#1657 = VECTOR('',#1658,1.);
#1658 = DIRECTION('',(0.,0.,1.));
#1659 = ORIENTED_EDGE('',*,*,#1660,.T.);
#1660 = EDGE_CURVE('',#1653,#1628,#1661,.T.);
#1661 = LINE('',#1662,#1663);
#1662 = CARTESIAN_POINT('',(28.9,3.,2.6));
#1663 = VECTOR('',#1664,1.);
#1664 = DIRECTION('',(0.,1.,0.));
#1665 = ORIENTED_EDGE('',*,*,#1636,.T.);
#1666 = ORIENTED_EDGE('',*,*,#477,.T.);
#1667 = PLANE('',#1668);
#1668 = AXIS2_PLACEMENT_3D('',#1669,#1670,#1671);
#1669 = CARTESIAN_POINT('',(28.9,3.,2.6));
#1670 = DIRECTION('',(1.,0.,0.));
#1671 = DIRECTION('',(0.,0.,1.));
#1672 = ADVANCED_FACE('',(#1673),#1685,.T.);
#1673 = FACE_BOUND('',#1674,.F.);
#1674 = EDGE_LOOP('',(#1675,#1676,#1683,#1684));
#1675 = ORIENTED_EDGE('',*,*,#1652,.F.);
#1676 = ORIENTED_EDGE('',*,*,#1677,.F.);
#1677 = EDGE_CURVE('',#1367,#1653,#1678,.T.);
#1678 = CIRCLE('',#1679,1.9);
#1679 = AXIS2_PLACEMENT_3D('',#1680,#1681,#1682);
#1680 = CARTESIAN_POINT('',(27.,3.,2.6));
#1681 = DIRECTION('',(0.,0.,1.));
#1682 = DIRECTION('',(1.,0.,0.));
#1683 = ORIENTED_EDGE('',*,*,#1397,.T.);
#1684 = ORIENTED_EDGE('',*,*,#468,.F.);
#1685 = CYLINDRICAL_SURFACE('',#1686,1.9);
#1686 = AXIS2_PLACEMENT_3D('',#1687,#1688,#1689);
#1687 = CARTESIAN_POINT('',(27.,3.,2.6));
#1688 = DIRECTION('',(-0.,-0.,-1.));
#1689 = DIRECTION('',(1.,0.,0.));
#1690 = ADVANCED_FACE('',(#1691),#1725,.F.);
#1691 = FACE_BOUND('',#1692,.F.);
#1692 = EDGE_LOOP('',(#1693,#1699,#1700,#1701,#1702,#1710,#1718,#1724));
#1693 = ORIENTED_EDGE('',*,*,#1694,.F.);
#1694 = EDGE_CURVE('',#1288,#1159,#1695,.T.);
#1695 = LINE('',#1696,#1697);
#1696 = CARTESIAN_POINT('',(21.5,-1.,10.85));
#1697 = VECTOR('',#1698,1.);
#1698 = DIRECTION('',(0.,1.,0.));
#1699 = ORIENTED_EDGE('',*,*,#1287,.T.);
#1700 = ORIENTED_EDGE('',*,*,#452,.F.);
#1701 = ORIENTED_EDGE('',*,*,#1390,.T.);
#1702 = ORIENTED_EDGE('',*,*,#1703,.T.);
#1703 = EDGE_CURVE('',#1383,#1704,#1706,.T.);
#1704 = VERTEX_POINT('',#1705);
#1705 = CARTESIAN_POINT('',(21.5,2.3,4.05));
#1706 = LINE('',#1707,#1708);
#1707 = CARTESIAN_POINT('',(21.5,-1.,4.05));
#1708 = VECTOR('',#1709,1.);
#1709 = DIRECTION('',(0.,1.,0.));
#1710 = ORIENTED_EDGE('',*,*,#1711,.F.);
#1711 = EDGE_CURVE('',#1712,#1704,#1714,.T.);
#1712 = VERTEX_POINT('',#1713);
#1713 = CARTESIAN_POINT('',(21.5,2.3,4.22));
#1714 = LINE('',#1715,#1716);
#1715 = CARTESIAN_POINT('',(21.5,2.3,3.32));
#1716 = VECTOR('',#1717,1.);
#1717 = DIRECTION('',(0.,0.,-1.));
#1718 = ORIENTED_EDGE('',*,*,#1719,.F.);
#1719 = EDGE_CURVE('',#1151,#1712,#1720,.T.);
#1720 = LINE('',#1721,#1722);
#1721 = CARTESIAN_POINT('',(21.5,7.,4.22));
#1722 = VECTOR('',#1723,1.);
#1723 = DIRECTION('',(0.,1.,0.));
#1724 = ORIENTED_EDGE('',*,*,#1158,.F.);
#1725 = PLANE('',#1726);
#1726 = AXIS2_PLACEMENT_3D('',#1727,#1728,#1729);
#1727 = CARTESIAN_POINT('',(21.5,-1.,4.05));
#1728 = DIRECTION('',(1.,0.,0.));
#1729 = DIRECTION('',(0.,0.,1.));
#1730 = ADVANCED_FACE('',(#1731),#1750,.T.);
#1731 = FACE_BOUND('',#1732,.F.);
#1732 = EDGE_LOOP('',(#1733,#1741,#1742,#1743));
#1733 = ORIENTED_EDGE('',*,*,#1734,.F.);
#1734 = EDGE_CURVE('',#428,#1735,#1737,.T.);
#1735 = VERTEX_POINT('',#1736);
#1736 = CARTESIAN_POINT('',(30.,3.,21.4));
#1737 = LINE('',#1738,#1739);
#1738 = CARTESIAN_POINT('',(30.,3.,4.2));
#1739 = VECTOR('',#1740,1.);
#1740 = DIRECTION('',(0.,0.,1.));
#1741 = ORIENTED_EDGE('',*,*,#435,.F.);
#1742 = ORIENTED_EDGE('',*,*,#1280,.T.);
#1743 = ORIENTED_EDGE('',*,*,#1744,.T.);
#1744 = EDGE_CURVE('',#1273,#1735,#1745,.T.);
#1745 = CIRCLE('',#1746,3.);
#1746 = AXIS2_PLACEMENT_3D('',#1747,#1748,#1749);
#1747 = CARTESIAN_POINT('',(27.,3.,21.4));
#1748 = DIRECTION('',(0.,0.,1.));
#1749 = DIRECTION('',(1.,0.,0.));
#1750 = CYLINDRICAL_SURFACE('',#1751,3.);
#1751 = AXIS2_PLACEMENT_3D('',#1752,#1753,#1754);
#1752 = CARTESIAN_POINT('',(27.,3.,4.2));
#1753 = DIRECTION('',(-0.,-0.,-1.));
#1754 = DIRECTION('',(1.,0.,0.));
#1755 = ADVANCED_FACE('',(#1756),#1774,.T.);
#1756 = FACE_BOUND('',#1757,.T.);
#1757 = EDGE_LOOP('',(#1758,#1759,#1760,#1768));
#1758 = ORIENTED_EDGE('',*,*,#1734,.F.);
#1759 = ORIENTED_EDGE('',*,*,#427,.T.);
#1760 = ORIENTED_EDGE('',*,*,#1761,.T.);
#1761 = EDGE_CURVE('',#419,#1762,#1764,.T.);
#1762 = VERTEX_POINT('',#1763);
#1763 = CARTESIAN_POINT('',(30.,27.,21.4));
#1764 = LINE('',#1765,#1766);
#1765 = CARTESIAN_POINT('',(30.,27.,4.2));
#1766 = VECTOR('',#1767,1.);
#1767 = DIRECTION('',(0.,0.,1.));
#1768 = ORIENTED_EDGE('',*,*,#1769,.F.);
#1769 = EDGE_CURVE('',#1735,#1762,#1770,.T.);
#1770 = LINE('',#1771,#1772);
#1771 = CARTESIAN_POINT('',(30.,3.,21.4));
#1772 = VECTOR('',#1773,1.);
#1773 = DIRECTION('',(0.,1.,0.));
#1774 = PLANE('',#1775);
#1775 = AXIS2_PLACEMENT_3D('',#1776,#1777,#1778);
#1776 = CARTESIAN_POINT('',(30.,3.,4.2));
#1777 = DIRECTION('',(1.,0.,0.));
#1778 = DIRECTION('',(0.,0.,1.));
#1779 = ADVANCED_FACE('',(#1780),#1799,.T.);
#1780 = FACE_BOUND('',#1781,.F.);
#1781 = EDGE_LOOP('',(#1782,#1783,#1784,#1793));
#1782 = ORIENTED_EDGE('',*,*,#418,.F.);
#1783 = ORIENTED_EDGE('',*,*,#1761,.T.);
#1784 = ORIENTED_EDGE('',*,*,#1785,.T.);
#1785 = EDGE_CURVE('',#1762,#1786,#1788,.T.);
#1786 = VERTEX_POINT('',#1787);
#1787 = CARTESIAN_POINT('',(27.,30.,21.4));
#1788 = CIRCLE('',#1789,3.);
#1789 = AXIS2_PLACEMENT_3D('',#1790,#1791,#1792);
#1790 = CARTESIAN_POINT('',(27.,27.,21.4));
#1791 = DIRECTION('',(0.,0.,1.));
#1792 = DIRECTION('',(1.,0.,0.));
#1793 = ORIENTED_EDGE('',*,*,#1794,.F.);
#1794 = EDGE_CURVE('',#411,#1786,#1795,.T.);
#1795 = LINE('',#1796,#1797);
#1796 = CARTESIAN_POINT('',(27.,30.,4.2));
#1797 = VECTOR('',#1798,1.);
#1798 = DIRECTION('',(0.,0.,1.));
#1799 = CYLINDRICAL_SURFACE('',#1800,3.);
#1800 = AXIS2_PLACEMENT_3D('',#1801,#1802,#1803);
#1801 = CARTESIAN_POINT('',(27.,27.,4.2));
#1802 = DIRECTION('',(-0.,-0.,-1.));
#1803 = DIRECTION('',(1.,0.,0.));
#1804 = ADVANCED_FACE('',(#1805),#1823,.T.);
#1805 = FACE_BOUND('',#1806,.T.);
#1806 = EDGE_LOOP('',(#1807,#1808,#1816,#1822));
#1807 = ORIENTED_EDGE('',*,*,#410,.F.);
#1808 = ORIENTED_EDGE('',*,*,#1809,.T.);
#1809 = EDGE_CURVE('',#402,#1810,#1812,.T.);
#1810 = VERTEX_POINT('',#1811);
#1811 = CARTESIAN_POINT('',(3.,30.,21.4));
#1812 = LINE('',#1813,#1814);
#1813 = CARTESIAN_POINT('',(3.,30.,4.2));
#1814 = VECTOR('',#1815,1.);
#1815 = DIRECTION('',(0.,0.,1.));
#1816 = ORIENTED_EDGE('',*,*,#1817,.T.);
#1817 = EDGE_CURVE('',#1810,#1786,#1818,.T.);
#1818 = LINE('',#1819,#1820);
#1819 = CARTESIAN_POINT('',(3.,30.,21.4));
#1820 = VECTOR('',#1821,1.);
#1821 = DIRECTION('',(1.,0.,0.));
#1822 = ORIENTED_EDGE('',*,*,#1794,.F.);
#1823 = PLANE('',#1824);
#1824 = AXIS2_PLACEMENT_3D('',#1825,#1826,#1827);
#1825 = CARTESIAN_POINT('',(3.,30.,4.2));
#1826 = DIRECTION('',(0.,1.,0.));
#1827 = DIRECTION('',(0.,0.,1.));
#1828 = ADVANCED_FACE('',(#1829),#1848,.T.);
#1829 = FACE_BOUND('',#1830,.F.);
#1830 = EDGE_LOOP('',(#1831,#1832,#1833,#1842));
#1831 = ORIENTED_EDGE('',*,*,#401,.F.);
#1832 = ORIENTED_EDGE('',*,*,#1809,.T.);
#1833 = ORIENTED_EDGE('',*,*,#1834,.T.);
#1834 = EDGE_CURVE('',#1810,#1835,#1837,.T.);
#1835 = VERTEX_POINT('',#1836);
#1836 = CARTESIAN_POINT('',(0.,27.,21.4));
#1837 = CIRCLE('',#1838,3.);
#1838 = AXIS2_PLACEMENT_3D('',#1839,#1840,#1841);
#1839 = CARTESIAN_POINT('',(3.,27.,21.4));
#1840 = DIRECTION('',(0.,0.,1.));
#1841 = DIRECTION('',(1.,0.,0.));
#1842 = ORIENTED_EDGE('',*,*,#1843,.F.);
#1843 = EDGE_CURVE('',#394,#1835,#1844,.T.);
#1844 = LINE('',#1845,#1846);
#1845 = CARTESIAN_POINT('',(0.,27.,4.2));
#1846 = VECTOR('',#1847,1.);
#1847 = DIRECTION('',(0.,0.,1.));
#1848 = CYLINDRICAL_SURFACE('',#1849,3.);
#1849 = AXIS2_PLACEMENT_3D('',#1850,#1851,#1852);
#1850 = CARTESIAN_POINT('',(3.,27.,4.2));
#1851 = DIRECTION('',(-0.,-0.,-1.));
#1852 = DIRECTION('',(1.,0.,0.));
#1853 = ADVANCED_FACE('',(#1854),#1865,.F.);
#1854 = FACE_BOUND('',#1855,.F.);
#1855 = EDGE_LOOP('',(#1856,#1857,#1858,#1859));
#1856 = ORIENTED_EDGE('',*,*,#1247,.F.);
#1857 = ORIENTED_EDGE('',*,*,#393,.T.);
#1858 = ORIENTED_EDGE('',*,*,#1843,.T.);
#1859 = ORIENTED_EDGE('',*,*,#1860,.F.);
#1860 = EDGE_CURVE('',#1248,#1835,#1861,.T.);
#1861 = LINE('',#1862,#1863);
#1862 = CARTESIAN_POINT('',(0.,3.,21.4));
#1863 = VECTOR('',#1864,1.);
#1864 = DIRECTION('',(0.,1.,0.));
#1865 = PLANE('',#1866);
#1866 = AXIS2_PLACEMENT_3D('',#1867,#1868,#1869);
#1867 = CARTESIAN_POINT('',(0.,3.,4.2));
#1868 = DIRECTION('',(1.,0.,0.));
#1869 = DIRECTION('',(0.,0.,1.));
#1870 = ADVANCED_FACE('',(#1871),#1882,.F.);
#1871 = FACE_BOUND('',#1872,.F.);
#1872 = EDGE_LOOP('',(#1873,#1879,#1880,#1881));
#1873 = ORIENTED_EDGE('',*,*,#1874,.F.);
#1874 = EDGE_CURVE('',#646,#695,#1875,.T.);
#1875 = LINE('',#1876,#1877);
#1876 = CARTESIAN_POINT('',(9.,27.7,2.6));
#1877 = VECTOR('',#1878,1.);
#1878 = DIRECTION('',(1.,0.,0.));
#1879 = ORIENTED_EDGE('',*,*,#654,.F.);
#1880 = ORIENTED_EDGE('',*,*,#670,.F.);
#1881 = ORIENTED_EDGE('',*,*,#694,.T.);
#1882 = PLANE('',#1883);
#1883 = AXIS2_PLACEMENT_3D('',#1884,#1885,#1886);
#1884 = CARTESIAN_POINT('',(3.,27.7,2.59));
#1885 = DIRECTION('',(0.,1.,0.));
#1886 = DIRECTION('',(0.,0.,1.));
#1887 = ADVANCED_FACE('',(#1888),#1894,.T.);
#1888 = FACE_BOUND('',#1889,.T.);
#1889 = EDGE_LOOP('',(#1890,#1891,#1892,#1893));
#1890 = ORIENTED_EDGE('',*,*,#645,.F.);
#1891 = ORIENTED_EDGE('',*,*,#1544,.T.);
#1892 = ORIENTED_EDGE('',*,*,#702,.F.);
#1893 = ORIENTED_EDGE('',*,*,#1874,.F.);
#1894 = PLANE('',#1895);
#1895 = AXIS2_PLACEMENT_3D('',#1896,#1897,#1898);
#1896 = CARTESIAN_POINT('',(15.,15.,2.6));
#1897 = DIRECTION('',(-0.,-0.,-1.));
#1898 = DIRECTION('',(-1.,0.,0.));
#1899 = ADVANCED_FACE('',(#1900),#2009,.T.);
#1900 = FACE_BOUND('',#1901,.T.);
#1901 = EDGE_LOOP('',(#1902,#1910,#1911,#1912,#1920,#1928,#1934,#1935,
    #1936,#1937,#1945,#1953,#1959,#1960,#1968,#1976,#1982,#1983,#1984,
    #1985,#1994,#2002));
#1902 = ORIENTED_EDGE('',*,*,#1903,.T.);
#1903 = EDGE_CURVE('',#1904,#1712,#1906,.T.);
#1904 = VERTEX_POINT('',#1905);
#1905 = CARTESIAN_POINT('',(27.,2.3,4.22));
#1906 = LINE('',#1907,#1908);
#1907 = CARTESIAN_POINT('',(9.,2.3,4.22));
#1908 = VECTOR('',#1909,1.);
#1909 = DIRECTION('',(-1.,0.,0.));
#1910 = ORIENTED_EDGE('',*,*,#1719,.F.);
#1911 = ORIENTED_EDGE('',*,*,#1150,.T.);
#1912 = ORIENTED_EDGE('',*,*,#1913,.T.);
#1913 = EDGE_CURVE('',#1143,#1914,#1916,.T.);
#1914 = VERTEX_POINT('',#1915);
#1915 = CARTESIAN_POINT('',(22.4,2.25,4.22));
#1916 = LINE('',#1917,#1918);
#1917 = CARTESIAN_POINT('',(22.4,8.25,4.22));
#1918 = VECTOR('',#1919,1.);
#1919 = DIRECTION('',(0.,1.,0.));
#1920 = ORIENTED_EDGE('',*,*,#1921,.F.);
#1921 = EDGE_CURVE('',#1922,#1914,#1924,.T.);
#1922 = VERTEX_POINT('',#1923);
#1923 = CARTESIAN_POINT('',(26.7,2.25,4.22));
#1924 = LINE('',#1925,#1926);
#1925 = CARTESIAN_POINT('',(18.7,2.25,4.22));
#1926 = VECTOR('',#1927,1.);
#1927 = DIRECTION('',(-1.,0.,0.));
#1928 = ORIENTED_EDGE('',*,*,#1929,.F.);
#1929 = EDGE_CURVE('',#1119,#1922,#1930,.T.);
#1930 = LINE('',#1931,#1932);
#1931 = CARTESIAN_POINT('',(26.7,8.25,4.22));
#1932 = VECTOR('',#1933,1.);
#1933 = DIRECTION('',(0.,1.,0.));
#1934 = ORIENTED_EDGE('',*,*,#1118,.T.);
#1935 = ORIENTED_EDGE('',*,*,#1085,.F.);
#1936 = ORIENTED_EDGE('',*,*,#995,.F.);
#1937 = ORIENTED_EDGE('',*,*,#1938,.T.);
#1938 = EDGE_CURVE('',#996,#1939,#1941,.T.);
#1939 = VERTEX_POINT('',#1940);
#1940 = CARTESIAN_POINT('',(27.75,8.,4.22));
#1941 = LINE('',#1942,#1943);
#1942 = CARTESIAN_POINT('',(21.375,8.,4.22));
#1943 = VECTOR('',#1944,1.);
#1944 = DIRECTION('',(-1.,0.,0.));
#1945 = ORIENTED_EDGE('',*,*,#1946,.T.);
#1946 = EDGE_CURVE('',#1939,#1947,#1949,.T.);
#1947 = VERTEX_POINT('',#1948);
#1948 = CARTESIAN_POINT('',(27.75,12.,4.22));
#1949 = LINE('',#1950,#1951);
#1950 = CARTESIAN_POINT('',(27.75,11.5,4.22));
#1951 = VECTOR('',#1952,1.);
#1952 = DIRECTION('',(0.,1.,0.));
#1953 = ORIENTED_EDGE('',*,*,#1954,.F.);
#1954 = EDGE_CURVE('',#1020,#1947,#1955,.T.);
#1955 = LINE('',#1956,#1957);
#1956 = CARTESIAN_POINT('',(21.375,12.,4.22));
#1957 = VECTOR('',#1958,1.);
#1958 = DIRECTION('',(-1.,0.,0.));
#1959 = ORIENTED_EDGE('',*,*,#1027,.F.);
#1960 = ORIENTED_EDGE('',*,*,#1961,.T.);
#1961 = EDGE_CURVE('',#1028,#1962,#1964,.T.);
#1962 = VERTEX_POINT('',#1963);
#1963 = CARTESIAN_POINT('',(27.75,18.,4.22));
#1964 = LINE('',#1965,#1966);
#1965 = CARTESIAN_POINT('',(21.375,18.,4.22));
#1966 = VECTOR('',#1967,1.);
#1967 = DIRECTION('',(-1.,0.,0.));
#1968 = ORIENTED_EDGE('',*,*,#1969,.T.);
#1969 = EDGE_CURVE('',#1962,#1970,#1972,.T.);
#1970 = VERTEX_POINT('',#1971);
#1971 = CARTESIAN_POINT('',(27.75,22.,4.22));
#1972 = LINE('',#1973,#1974);
#1973 = CARTESIAN_POINT('',(27.75,16.5,4.22));
#1974 = VECTOR('',#1975,1.);
#1975 = DIRECTION('',(0.,1.,0.));
#1976 = ORIENTED_EDGE('',*,*,#1977,.F.);
#1977 = EDGE_CURVE('',#1052,#1970,#1978,.T.);
#1978 = LINE('',#1979,#1980);
#1979 = CARTESIAN_POINT('',(21.375,22.,4.22));
#1980 = VECTOR('',#1981,1.);
#1981 = DIRECTION('',(-1.,0.,0.));
#1982 = ORIENTED_EDGE('',*,*,#1059,.F.);
#1983 = ORIENTED_EDGE('',*,*,#737,.F.);
#1984 = ORIENTED_EDGE('',*,*,#1561,.T.);
#1985 = ORIENTED_EDGE('',*,*,#1986,.T.);
#1986 = EDGE_CURVE('',#1562,#1987,#1989,.T.);
#1987 = VERTEX_POINT('',#1988);
#1988 = CARTESIAN_POINT('',(27.7,27.,4.22));
#1989 = CIRCLE('',#1990,0.7);
#1990 = AXIS2_PLACEMENT_3D('',#1991,#1992,#1993);
#1991 = CARTESIAN_POINT('',(27.,27.,4.22));
#1992 = DIRECTION('',(0.,0.,-1.));
#1993 = DIRECTION('',(1.,0.,0.));
#1994 = ORIENTED_EDGE('',*,*,#1995,.F.);
#1995 = EDGE_CURVE('',#1996,#1987,#1998,.T.);
#1996 = VERTEX_POINT('',#1997);
#1997 = CARTESIAN_POINT('',(27.7,3.,4.22));
#1998 = LINE('',#1999,#2000);
#1999 = CARTESIAN_POINT('',(27.7,9.,4.22));
#2000 = VECTOR('',#2001,1.);
#2001 = DIRECTION('',(0.,1.,0.));
#2002 = ORIENTED_EDGE('',*,*,#2003,.T.);
#2003 = EDGE_CURVE('',#1996,#1904,#2004,.T.);
#2004 = CIRCLE('',#2005,0.7);
#2005 = AXIS2_PLACEMENT_3D('',#2006,#2007,#2008);
#2006 = CARTESIAN_POINT('',(27.,3.,4.22));
#2007 = DIRECTION('',(0.,0.,-1.));
#2008 = DIRECTION('',(1.,0.,0.));
#2009 = PLANE('',#2010);
#2010 = AXIS2_PLACEMENT_3D('',#2011,#2012,#2013);
#2011 = CARTESIAN_POINT('',(15.,15.,4.22));
#2012 = DIRECTION('',(0.,0.,1.));
#2013 = DIRECTION('',(1.,0.,0.));
#2014 = ADVANCED_FACE('',(#2015),#2034,.F.);
#2015 = FACE_BOUND('',#2016,.T.);
#2016 = EDGE_LOOP('',(#2017,#2018,#2026,#2033));
#2017 = ORIENTED_EDGE('',*,*,#794,.T.);
#2018 = ORIENTED_EDGE('',*,*,#2019,.T.);
#2019 = EDGE_CURVE('',#795,#2020,#2022,.T.);
#2020 = VERTEX_POINT('',#2021);
#2021 = CARTESIAN_POINT('',(25.65,27.3,11.2));
#2022 = LINE('',#2023,#2024);
#2023 = CARTESIAN_POINT('',(25.65,27.3,5.79));
#2024 = VECTOR('',#2025,1.);
#2025 = DIRECTION('',(0.,0.,1.));
#2026 = ORIENTED_EDGE('',*,*,#2027,.T.);
#2027 = EDGE_CURVE('',#2020,#2020,#2028,.T.);
#2028 = CIRCLE('',#2029,0.85);
#2029 = AXIS2_PLACEMENT_3D('',#2030,#2031,#2032);
#2030 = CARTESIAN_POINT('',(24.8,27.3,11.2));
#2031 = DIRECTION('',(0.,0.,1.));
#2032 = DIRECTION('',(1.,0.,0.));
#2033 = ORIENTED_EDGE('',*,*,#2019,.F.);
#2034 = CYLINDRICAL_SURFACE('',#2035,0.85);
#2035 = AXIS2_PLACEMENT_3D('',#2036,#2037,#2038);
#2036 = CARTESIAN_POINT('',(24.8,27.3,5.79));
#2037 = DIRECTION('',(-0.,-0.,-1.));
#2038 = DIRECTION('',(1.,0.,0.));
#2039 = ADVANCED_FACE('',(#2040,#2043),#2054,.F.);
#2040 = FACE_BOUND('',#2041,.F.);
#2041 = EDGE_LOOP('',(#2042));
#2042 = ORIENTED_EDGE('',*,*,#820,.T.);
#2043 = FACE_BOUND('',#2044,.F.);
#2044 = EDGE_LOOP('',(#2045));
#2045 = ORIENTED_EDGE('',*,*,#2046,.T.);
#2046 = EDGE_CURVE('',#2047,#2047,#2049,.T.);
#2047 = VERTEX_POINT('',#2048);
#2048 = CARTESIAN_POINT('',(18.9,24.,20.6));
#2049 = CIRCLE('',#2050,3.9);
#2050 = AXIS2_PLACEMENT_3D('',#2051,#2052,#2053);
#2051 = CARTESIAN_POINT('',(15.,24.,20.6));
#2052 = DIRECTION('',(0.,0.,-1.));
#2053 = DIRECTION('',(1.,0.,0.));
#2054 = PLANE('',#2055);
#2055 = AXIS2_PLACEMENT_3D('',#2056,#2057,#2058);
#2056 = CARTESIAN_POINT('',(15.,24.,20.6));
#2057 = DIRECTION('',(0.,0.,1.));
#2058 = DIRECTION('',(1.,0.,0.));
#2059 = ADVANCED_FACE('',(#2060),#2169,.T.);
#2060 = FACE_BOUND('',#2061,.T.);
#2061 = EDGE_LOOP('',(#2062,#2071,#2072,#2073,#2074,#2082,#2090,#2096,
    #2097,#2105,#2113,#2119,#2120,#2121,#2122,#2130,#2138,#2144,#2145,
    #2146,#2154,#2163));
#2062 = ORIENTED_EDGE('',*,*,#2063,.T.);
#2063 = EDGE_CURVE('',#2064,#1510,#2066,.T.);
#2064 = VERTEX_POINT('',#2065);
#2065 = CARTESIAN_POINT('',(2.3,27.,4.22));
#2066 = CIRCLE('',#2067,0.7);
#2067 = AXIS2_PLACEMENT_3D('',#2068,#2069,#2070);
#2068 = CARTESIAN_POINT('',(3.,27.,4.22));
#2069 = DIRECTION('',(0.,0.,-1.));
#2070 = DIRECTION('',(1.,0.,0.));
#2071 = ORIENTED_EDGE('',*,*,#1509,.T.);
#2072 = ORIENTED_EDGE('',*,*,#875,.F.);
#2073 = ORIENTED_EDGE('',*,*,#971,.T.);
#2074 = ORIENTED_EDGE('',*,*,#2075,.F.);
#2075 = EDGE_CURVE('',#2076,#964,#2078,.T.);
#2076 = VERTEX_POINT('',#2077);
#2077 = CARTESIAN_POINT('',(2.25,22.,4.22));
#2078 = LINE('',#2079,#2080);
#2079 = CARTESIAN_POINT('',(8.25,22.,4.22));
#2080 = VECTOR('',#2081,1.);
#2081 = DIRECTION('',(-1.,0.,0.));
#2082 = ORIENTED_EDGE('',*,*,#2083,.F.);
#2083 = EDGE_CURVE('',#2084,#2076,#2086,.T.);
#2084 = VERTEX_POINT('',#2085);
#2085 = CARTESIAN_POINT('',(2.25,18.,4.22));
#2086 = LINE('',#2087,#2088);
#2087 = CARTESIAN_POINT('',(2.25,16.5,4.22));
#2088 = VECTOR('',#2089,1.);
#2089 = DIRECTION('',(0.,1.,0.));
#2090 = ORIENTED_EDGE('',*,*,#2091,.T.);
#2091 = EDGE_CURVE('',#2084,#940,#2092,.T.);
#2092 = LINE('',#2093,#2094);
#2093 = CARTESIAN_POINT('',(8.25,18.,4.22));
#2094 = VECTOR('',#2095,1.);
#2095 = DIRECTION('',(-1.,0.,0.));
#2096 = ORIENTED_EDGE('',*,*,#939,.T.);
#2097 = ORIENTED_EDGE('',*,*,#2098,.F.);
#2098 = EDGE_CURVE('',#2099,#932,#2101,.T.);
#2099 = VERTEX_POINT('',#2100);
#2100 = CARTESIAN_POINT('',(2.25,12.,4.22));
#2101 = LINE('',#2102,#2103);
#2102 = CARTESIAN_POINT('',(8.25,12.,4.22));
#2103 = VECTOR('',#2104,1.);
#2104 = DIRECTION('',(-1.,0.,0.));
#2105 = ORIENTED_EDGE('',*,*,#2106,.F.);
#2106 = EDGE_CURVE('',#2107,#2099,#2109,.T.);
#2107 = VERTEX_POINT('',#2108);
#2108 = CARTESIAN_POINT('',(2.25,8.,4.22));
#2109 = LINE('',#2110,#2111);
#2110 = CARTESIAN_POINT('',(2.25,11.5,4.22));
#2111 = VECTOR('',#2112,1.);
#2112 = DIRECTION('',(0.,1.,0.));
#2113 = ORIENTED_EDGE('',*,*,#2114,.T.);
#2114 = EDGE_CURVE('',#2107,#908,#2115,.T.);
#2115 = LINE('',#2116,#2117);
#2116 = CARTESIAN_POINT('',(8.25,8.,4.22));
#2117 = VECTOR('',#2118,1.);
#2118 = DIRECTION('',(-1.,0.,0.));
#2119 = ORIENTED_EDGE('',*,*,#907,.T.);
#2120 = ORIENTED_EDGE('',*,*,#1221,.F.);
#2121 = ORIENTED_EDGE('',*,*,#1100,.T.);
#2122 = ORIENTED_EDGE('',*,*,#2123,.T.);
#2123 = EDGE_CURVE('',#1103,#2124,#2126,.T.);
#2124 = VERTEX_POINT('',#2125);
#2125 = CARTESIAN_POINT('',(3.3,2.25,4.22));
#2126 = LINE('',#2127,#2128);
#2127 = CARTESIAN_POINT('',(3.3,8.25,4.22));
#2128 = VECTOR('',#2129,1.);
#2129 = DIRECTION('',(0.,1.,0.));
#2130 = ORIENTED_EDGE('',*,*,#2131,.F.);
#2131 = EDGE_CURVE('',#2132,#2124,#2134,.T.);
#2132 = VERTEX_POINT('',#2133);
#2133 = CARTESIAN_POINT('',(7.6,2.25,4.22));
#2134 = LINE('',#2135,#2136);
#2135 = CARTESIAN_POINT('',(9.15,2.25,4.22));
#2136 = VECTOR('',#2137,1.);
#2137 = DIRECTION('',(-1.,0.,0.));
#2138 = ORIENTED_EDGE('',*,*,#2139,.F.);
#2139 = EDGE_CURVE('',#1183,#2132,#2140,.T.);
#2140 = LINE('',#2141,#2142);
#2141 = CARTESIAN_POINT('',(7.6,8.25,4.22));
#2142 = VECTOR('',#2143,1.);
#2143 = DIRECTION('',(0.,1.,0.));
#2144 = ORIENTED_EDGE('',*,*,#1182,.T.);
#2145 = ORIENTED_EDGE('',*,*,#1349,.T.);
#2146 = ORIENTED_EDGE('',*,*,#2147,.T.);
#2147 = EDGE_CURVE('',#1342,#2148,#2150,.T.);
#2148 = VERTEX_POINT('',#2149);
#2149 = CARTESIAN_POINT('',(3.,2.3,4.22));
#2150 = LINE('',#2151,#2152);
#2151 = CARTESIAN_POINT('',(9.,2.3,4.22));
#2152 = VECTOR('',#2153,1.);
#2153 = DIRECTION('',(-1.,0.,0.));
#2154 = ORIENTED_EDGE('',*,*,#2155,.T.);
#2155 = EDGE_CURVE('',#2148,#2156,#2158,.T.);
#2156 = VERTEX_POINT('',#2157);
#2157 = CARTESIAN_POINT('',(2.3,3.,4.22));
#2158 = CIRCLE('',#2159,0.7);
#2159 = AXIS2_PLACEMENT_3D('',#2160,#2161,#2162);
#2160 = CARTESIAN_POINT('',(3.,3.,4.22));
#2161 = DIRECTION('',(0.,0.,-1.));
#2162 = DIRECTION('',(1.,0.,0.));
#2163 = ORIENTED_EDGE('',*,*,#2164,.T.);
#2164 = EDGE_CURVE('',#2156,#2064,#2165,.T.);
#2165 = LINE('',#2166,#2167);
#2166 = CARTESIAN_POINT('',(2.3,9.,4.22));
#2167 = VECTOR('',#2168,1.);
#2168 = DIRECTION('',(0.,1.,0.));
#2169 = PLANE('',#2170);
#2170 = AXIS2_PLACEMENT_3D('',#2171,#2172,#2173);
#2171 = CARTESIAN_POINT('',(15.,15.,4.22));
#2172 = DIRECTION('',(0.,0.,1.));
#2173 = DIRECTION('',(1.,0.,0.));
#2174 = ADVANCED_FACE('',(#2175),#2193,.T.);
#2175 = FACE_BOUND('',#2176,.T.);
#2176 = EDGE_LOOP('',(#2177,#2178,#2179,#2187));
#2177 = ORIENTED_EDGE('',*,*,#2075,.T.);
#2178 = ORIENTED_EDGE('',*,*,#963,.T.);
#2179 = ORIENTED_EDGE('',*,*,#2180,.T.);
#2180 = EDGE_CURVE('',#956,#2181,#2183,.T.);
#2181 = VERTEX_POINT('',#2182);
#2182 = CARTESIAN_POINT('',(2.25,22.,6.2));
#2183 = LINE('',#2184,#2185);
#2184 = CARTESIAN_POINT('',(1.5,22.,6.2));
#2185 = VECTOR('',#2186,1.);
#2186 = DIRECTION('',(1.,0.,0.));
#2187 = ORIENTED_EDGE('',*,*,#2188,.F.);
#2188 = EDGE_CURVE('',#2076,#2181,#2189,.T.);
#2189 = LINE('',#2190,#2191);
#2190 = CARTESIAN_POINT('',(2.25,22.,4.2));
#2191 = VECTOR('',#2192,1.);
#2192 = DIRECTION('',(0.,0.,1.));
#2193 = PLANE('',#2194);
#2194 = AXIS2_PLACEMENT_3D('',#2195,#2196,#2197);
#2195 = CARTESIAN_POINT('',(1.5,22.,4.2));
#2196 = DIRECTION('',(0.,1.,0.));
#2197 = DIRECTION('',(0.,0.,1.));
#2198 = ADVANCED_FACE('',(#2199),#2217,.T.);
#2199 = FACE_BOUND('',#2200,.T.);
#2200 = EDGE_LOOP('',(#2201,#2202,#2210,#2216));
#2201 = ORIENTED_EDGE('',*,*,#955,.F.);
#2202 = ORIENTED_EDGE('',*,*,#2203,.T.);
#2203 = EDGE_CURVE('',#948,#2204,#2206,.T.);
#2204 = VERTEX_POINT('',#2205);
#2205 = CARTESIAN_POINT('',(2.25,18.,6.2));
#2206 = LINE('',#2207,#2208);
#2207 = CARTESIAN_POINT('',(1.5,18.,6.2));
#2208 = VECTOR('',#2209,1.);
#2209 = DIRECTION('',(1.,0.,0.));
#2210 = ORIENTED_EDGE('',*,*,#2211,.T.);
#2211 = EDGE_CURVE('',#2204,#2181,#2212,.T.);
#2212 = LINE('',#2213,#2214);
#2213 = CARTESIAN_POINT('',(2.25,18.,6.2));
#2214 = VECTOR('',#2215,1.);
#2215 = DIRECTION('',(0.,1.,0.));
#2216 = ORIENTED_EDGE('',*,*,#2180,.F.);
#2217 = PLANE('',#2218);
#2218 = AXIS2_PLACEMENT_3D('',#2219,#2220,#2221);
#2219 = CARTESIAN_POINT('',(1.5,18.,6.2));
#2220 = DIRECTION('',(0.,0.,1.));
#2221 = DIRECTION('',(1.,0.,0.));
#2222 = ADVANCED_FACE('',(#2223),#2234,.F.);
#2223 = FACE_BOUND('',#2224,.F.);
#2224 = EDGE_LOOP('',(#2225,#2226,#2227,#2228));
#2225 = ORIENTED_EDGE('',*,*,#2091,.T.);
#2226 = ORIENTED_EDGE('',*,*,#947,.T.);
#2227 = ORIENTED_EDGE('',*,*,#2203,.T.);
#2228 = ORIENTED_EDGE('',*,*,#2229,.F.);
#2229 = EDGE_CURVE('',#2084,#2204,#2230,.T.);
#2230 = LINE('',#2231,#2232);
#2231 = CARTESIAN_POINT('',(2.25,18.,4.2));
#2232 = VECTOR('',#2233,1.);
#2233 = DIRECTION('',(0.,0.,1.));
#2234 = PLANE('',#2235);
#2235 = AXIS2_PLACEMENT_3D('',#2236,#2237,#2238);
#2236 = CARTESIAN_POINT('',(1.5,18.,4.2));
#2237 = DIRECTION('',(0.,1.,0.));
#2238 = DIRECTION('',(0.,0.,1.));
#2239 = ADVANCED_FACE('',(#2240),#2258,.T.);
#2240 = FACE_BOUND('',#2241,.T.);
#2241 = EDGE_LOOP('',(#2242,#2243,#2244,#2252));
#2242 = ORIENTED_EDGE('',*,*,#2098,.T.);
#2243 = ORIENTED_EDGE('',*,*,#931,.T.);
#2244 = ORIENTED_EDGE('',*,*,#2245,.T.);
#2245 = EDGE_CURVE('',#924,#2246,#2248,.T.);
#2246 = VERTEX_POINT('',#2247);
#2247 = CARTESIAN_POINT('',(2.25,12.,6.2));
#2248 = LINE('',#2249,#2250);
#2249 = CARTESIAN_POINT('',(1.5,12.,6.2));
#2250 = VECTOR('',#2251,1.);
#2251 = DIRECTION('',(1.,0.,0.));
#2252 = ORIENTED_EDGE('',*,*,#2253,.F.);
#2253 = EDGE_CURVE('',#2099,#2246,#2254,.T.);
#2254 = LINE('',#2255,#2256);
#2255 = CARTESIAN_POINT('',(2.25,12.,4.2));
#2256 = VECTOR('',#2257,1.);
#2257 = DIRECTION('',(0.,0.,1.));
#2258 = PLANE('',#2259);
#2259 = AXIS2_PLACEMENT_3D('',#2260,#2261,#2262);
#2260 = CARTESIAN_POINT('',(1.5,12.,4.2));
#2261 = DIRECTION('',(0.,1.,0.));
#2262 = DIRECTION('',(0.,0.,1.));
#2263 = ADVANCED_FACE('',(#2264),#2282,.T.);
#2264 = FACE_BOUND('',#2265,.T.);
#2265 = EDGE_LOOP('',(#2266,#2267,#2275,#2281));
#2266 = ORIENTED_EDGE('',*,*,#923,.F.);
#2267 = ORIENTED_EDGE('',*,*,#2268,.T.);
#2268 = EDGE_CURVE('',#916,#2269,#2271,.T.);
#2269 = VERTEX_POINT('',#2270);
#2270 = CARTESIAN_POINT('',(2.25,8.,6.2));
#2271 = LINE('',#2272,#2273);
#2272 = CARTESIAN_POINT('',(1.5,8.,6.2));
#2273 = VECTOR('',#2274,1.);
#2274 = DIRECTION('',(1.,0.,0.));
#2275 = ORIENTED_EDGE('',*,*,#2276,.T.);
#2276 = EDGE_CURVE('',#2269,#2246,#2277,.T.);
#2277 = LINE('',#2278,#2279);
#2278 = CARTESIAN_POINT('',(2.25,8.,6.2));
#2279 = VECTOR('',#2280,1.);
#2280 = DIRECTION('',(0.,1.,0.));
#2281 = ORIENTED_EDGE('',*,*,#2245,.F.);
#2282 = PLANE('',#2283);
#2283 = AXIS2_PLACEMENT_3D('',#2284,#2285,#2286);
#2284 = CARTESIAN_POINT('',(1.5,8.,6.2));
#2285 = DIRECTION('',(0.,0.,1.));
#2286 = DIRECTION('',(1.,0.,0.));
#2287 = ADVANCED_FACE('',(#2288),#2299,.F.);
#2288 = FACE_BOUND('',#2289,.F.);
#2289 = EDGE_LOOP('',(#2290,#2291,#2292,#2293));
#2290 = ORIENTED_EDGE('',*,*,#2114,.T.);
#2291 = ORIENTED_EDGE('',*,*,#915,.T.);
#2292 = ORIENTED_EDGE('',*,*,#2268,.T.);
#2293 = ORIENTED_EDGE('',*,*,#2294,.F.);
#2294 = EDGE_CURVE('',#2107,#2269,#2295,.T.);
#2295 = LINE('',#2296,#2297);
#2296 = CARTESIAN_POINT('',(2.25,8.,4.2));
#2297 = VECTOR('',#2298,1.);
#2298 = DIRECTION('',(0.,0.,1.));
#2299 = PLANE('',#2300);
#2300 = AXIS2_PLACEMENT_3D('',#2301,#2302,#2303);
#2301 = CARTESIAN_POINT('',(1.5,8.,4.2));
#2302 = DIRECTION('',(0.,1.,0.));
#2303 = DIRECTION('',(0.,0.,1.));
#2304 = ADVANCED_FACE('',(#2305),#2323,.T.);
#2305 = FACE_BOUND('',#2306,.T.);
#2306 = EDGE_LOOP('',(#2307,#2308,#2316,#2322));
#2307 = ORIENTED_EDGE('',*,*,#1977,.T.);
#2308 = ORIENTED_EDGE('',*,*,#2309,.T.);
#2309 = EDGE_CURVE('',#1970,#2310,#2312,.T.);
#2310 = VERTEX_POINT('',#2311);
#2311 = CARTESIAN_POINT('',(27.75,22.,6.2));
#2312 = LINE('',#2313,#2314);
#2313 = CARTESIAN_POINT('',(27.75,22.,4.2));
#2314 = VECTOR('',#2315,1.);
#2315 = DIRECTION('',(0.,0.,1.));
#2316 = ORIENTED_EDGE('',*,*,#2317,.T.);
#2317 = EDGE_CURVE('',#2310,#1044,#2318,.T.);
#2318 = LINE('',#2319,#2320);
#2319 = CARTESIAN_POINT('',(27.75,22.,6.2));
#2320 = VECTOR('',#2321,1.);
#2321 = DIRECTION('',(1.,0.,0.));
#2322 = ORIENTED_EDGE('',*,*,#1051,.F.);
#2323 = PLANE('',#2324);
#2324 = AXIS2_PLACEMENT_3D('',#2325,#2326,#2327);
#2325 = CARTESIAN_POINT('',(27.75,22.,4.2));
#2326 = DIRECTION('',(0.,1.,0.));
#2327 = DIRECTION('',(0.,0.,1.));
#2328 = ADVANCED_FACE('',(#2329),#2347,.T.);
#2329 = FACE_BOUND('',#2330,.T.);
#2330 = EDGE_LOOP('',(#2331,#2339,#2345,#2346));
#2331 = ORIENTED_EDGE('',*,*,#2332,.F.);
#2332 = EDGE_CURVE('',#2333,#2310,#2335,.T.);
#2333 = VERTEX_POINT('',#2334);
#2334 = CARTESIAN_POINT('',(27.75,18.,6.2));
#2335 = LINE('',#2336,#2337);
#2336 = CARTESIAN_POINT('',(27.75,18.,6.2));
#2337 = VECTOR('',#2338,1.);
#2338 = DIRECTION('',(0.,1.,0.));
#2339 = ORIENTED_EDGE('',*,*,#2340,.T.);
#2340 = EDGE_CURVE('',#2333,#1036,#2341,.T.);
#2341 = LINE('',#2342,#2343);
#2342 = CARTESIAN_POINT('',(27.75,18.,6.2));
#2343 = VECTOR('',#2344,1.);
#2344 = DIRECTION('',(1.,0.,0.));
#2345 = ORIENTED_EDGE('',*,*,#1043,.T.);
#2346 = ORIENTED_EDGE('',*,*,#2317,.F.);
#2347 = PLANE('',#2348);
#2348 = AXIS2_PLACEMENT_3D('',#2349,#2350,#2351);
#2349 = CARTESIAN_POINT('',(27.75,18.,6.2));
#2350 = DIRECTION('',(0.,0.,1.));
#2351 = DIRECTION('',(1.,0.,0.));
#2352 = ADVANCED_FACE('',(#2353),#2364,.F.);
#2353 = FACE_BOUND('',#2354,.F.);
#2354 = EDGE_LOOP('',(#2355,#2356,#2362,#2363));
#2355 = ORIENTED_EDGE('',*,*,#1961,.T.);
#2356 = ORIENTED_EDGE('',*,*,#2357,.T.);
#2357 = EDGE_CURVE('',#1962,#2333,#2358,.T.);
#2358 = LINE('',#2359,#2360);
#2359 = CARTESIAN_POINT('',(27.75,18.,4.2));
#2360 = VECTOR('',#2361,1.);
#2361 = DIRECTION('',(0.,0.,1.));
#2362 = ORIENTED_EDGE('',*,*,#2340,.T.);
#2363 = ORIENTED_EDGE('',*,*,#1035,.F.);
#2364 = PLANE('',#2365);
#2365 = AXIS2_PLACEMENT_3D('',#2366,#2367,#2368);
#2366 = CARTESIAN_POINT('',(27.75,18.,4.2));
#2367 = DIRECTION('',(0.,1.,0.));
#2368 = DIRECTION('',(0.,0.,1.));
#2369 = ADVANCED_FACE('',(#2370),#2388,.T.);
#2370 = FACE_BOUND('',#2371,.T.);
#2371 = EDGE_LOOP('',(#2372,#2373,#2381,#2387));
#2372 = ORIENTED_EDGE('',*,*,#1954,.T.);
#2373 = ORIENTED_EDGE('',*,*,#2374,.T.);
#2374 = EDGE_CURVE('',#1947,#2375,#2377,.T.);
#2375 = VERTEX_POINT('',#2376);
#2376 = CARTESIAN_POINT('',(27.75,12.,6.2));
#2377 = LINE('',#2378,#2379);
#2378 = CARTESIAN_POINT('',(27.75,12.,4.2));
#2379 = VECTOR('',#2380,1.);
#2380 = DIRECTION('',(0.,0.,1.));
#2381 = ORIENTED_EDGE('',*,*,#2382,.T.);
#2382 = EDGE_CURVE('',#2375,#1012,#2383,.T.);
#2383 = LINE('',#2384,#2385);
#2384 = CARTESIAN_POINT('',(27.75,12.,6.2));
#2385 = VECTOR('',#2386,1.);
#2386 = DIRECTION('',(1.,0.,0.));
#2387 = ORIENTED_EDGE('',*,*,#1019,.F.);
#2388 = PLANE('',#2389);
#2389 = AXIS2_PLACEMENT_3D('',#2390,#2391,#2392);
#2390 = CARTESIAN_POINT('',(27.75,12.,4.2));
#2391 = DIRECTION('',(0.,1.,0.));
#2392 = DIRECTION('',(0.,0.,1.));
#2393 = ADVANCED_FACE('',(#2394),#2412,.T.);
#2394 = FACE_BOUND('',#2395,.T.);
#2395 = EDGE_LOOP('',(#2396,#2404,#2410,#2411));
#2396 = ORIENTED_EDGE('',*,*,#2397,.F.);
#2397 = EDGE_CURVE('',#2398,#2375,#2400,.T.);
#2398 = VERTEX_POINT('',#2399);
#2399 = CARTESIAN_POINT('',(27.75,8.,6.2));
#2400 = LINE('',#2401,#2402);
#2401 = CARTESIAN_POINT('',(27.75,8.,6.2));
#2402 = VECTOR('',#2403,1.);
#2403 = DIRECTION('',(0.,1.,0.));
#2404 = ORIENTED_EDGE('',*,*,#2405,.T.);
#2405 = EDGE_CURVE('',#2398,#1004,#2406,.T.);
#2406 = LINE('',#2407,#2408);
#2407 = CARTESIAN_POINT('',(27.75,8.,6.2));
#2408 = VECTOR('',#2409,1.);
#2409 = DIRECTION('',(1.,0.,0.));
#2410 = ORIENTED_EDGE('',*,*,#1011,.T.);
#2411 = ORIENTED_EDGE('',*,*,#2382,.F.);
#2412 = PLANE('',#2413);
#2413 = AXIS2_PLACEMENT_3D('',#2414,#2415,#2416);
#2414 = CARTESIAN_POINT('',(27.75,8.,6.2));
#2415 = DIRECTION('',(0.,0.,1.));
#2416 = DIRECTION('',(1.,0.,0.));
#2417 = ADVANCED_FACE('',(#2418),#2429,.F.);
#2418 = FACE_BOUND('',#2419,.F.);
#2419 = EDGE_LOOP('',(#2420,#2421,#2427,#2428));
#2420 = ORIENTED_EDGE('',*,*,#1938,.T.);
#2421 = ORIENTED_EDGE('',*,*,#2422,.T.);
#2422 = EDGE_CURVE('',#1939,#2398,#2423,.T.);
#2423 = LINE('',#2424,#2425);
#2424 = CARTESIAN_POINT('',(27.75,8.,4.2));
#2425 = VECTOR('',#2426,1.);
#2426 = DIRECTION('',(0.,0.,1.));
#2427 = ORIENTED_EDGE('',*,*,#2405,.T.);
#2428 = ORIENTED_EDGE('',*,*,#1003,.F.);
#2429 = PLANE('',#2430);
#2430 = AXIS2_PLACEMENT_3D('',#2431,#2432,#2433);
#2431 = CARTESIAN_POINT('',(27.75,8.,4.2));
#2432 = DIRECTION('',(0.,1.,0.));
#2433 = DIRECTION('',(0.,0.,1.));
#2434 = ADVANCED_FACE('',(#2435),#2453,.F.);
#2435 = FACE_BOUND('',#2436,.F.);
#2436 = EDGE_LOOP('',(#2437,#2438,#2439,#2447));
#2437 = ORIENTED_EDGE('',*,*,#1206,.F.);
#2438 = ORIENTED_EDGE('',*,*,#2123,.T.);
#2439 = ORIENTED_EDGE('',*,*,#2440,.T.);
#2440 = EDGE_CURVE('',#2124,#2441,#2443,.T.);
#2441 = VERTEX_POINT('',#2442);
#2442 = CARTESIAN_POINT('',(3.3,2.25,5.8));
#2443 = LINE('',#2444,#2445);
#2444 = CARTESIAN_POINT('',(3.3,2.25,4.2));
#2445 = VECTOR('',#2446,1.);
#2446 = DIRECTION('',(0.,0.,1.));
#2447 = ORIENTED_EDGE('',*,*,#2448,.F.);
#2448 = EDGE_CURVE('',#1199,#2441,#2449,.T.);
#2449 = LINE('',#2450,#2451);
#2450 = CARTESIAN_POINT('',(3.3,1.5,5.8));
#2451 = VECTOR('',#2452,1.);
#2452 = DIRECTION('',(0.,1.,0.));
#2453 = PLANE('',#2454);
#2454 = AXIS2_PLACEMENT_3D('',#2455,#2456,#2457);
#2455 = CARTESIAN_POINT('',(3.3,1.5,4.2));
#2456 = DIRECTION('',(1.,0.,0.));
#2457 = DIRECTION('',(0.,0.,1.));
#2458 = ADVANCED_FACE('',(#2459),#2477,.T.);
#2459 = FACE_BOUND('',#2460,.T.);
#2460 = EDGE_LOOP('',(#2461,#2462,#2463,#2471));
#2461 = ORIENTED_EDGE('',*,*,#2448,.F.);
#2462 = ORIENTED_EDGE('',*,*,#1198,.T.);
#2463 = ORIENTED_EDGE('',*,*,#2464,.T.);
#2464 = EDGE_CURVE('',#1191,#2465,#2467,.T.);
#2465 = VERTEX_POINT('',#2466);
#2466 = CARTESIAN_POINT('',(7.6,2.25,5.8));
#2467 = LINE('',#2468,#2469);
#2468 = CARTESIAN_POINT('',(7.6,1.5,5.8));
#2469 = VECTOR('',#2470,1.);
#2470 = DIRECTION('',(0.,1.,0.));
#2471 = ORIENTED_EDGE('',*,*,#2472,.F.);
#2472 = EDGE_CURVE('',#2441,#2465,#2473,.T.);
#2473 = LINE('',#2474,#2475);
#2474 = CARTESIAN_POINT('',(3.3,2.25,5.8));
#2475 = VECTOR('',#2476,1.);
#2476 = DIRECTION('',(1.,0.,0.));
#2477 = PLANE('',#2478);
#2478 = AXIS2_PLACEMENT_3D('',#2479,#2480,#2481);
#2479 = CARTESIAN_POINT('',(3.3,1.5,5.8));
#2480 = DIRECTION('',(0.,0.,1.));
#2481 = DIRECTION('',(1.,0.,0.));
#2482 = ADVANCED_FACE('',(#2483),#2494,.T.);
#2483 = FACE_BOUND('',#2484,.T.);
#2484 = EDGE_LOOP('',(#2485,#2486,#2487,#2493));
#2485 = ORIENTED_EDGE('',*,*,#1190,.F.);
#2486 = ORIENTED_EDGE('',*,*,#2139,.T.);
#2487 = ORIENTED_EDGE('',*,*,#2488,.T.);
#2488 = EDGE_CURVE('',#2132,#2465,#2489,.T.);
#2489 = LINE('',#2490,#2491);
#2490 = CARTESIAN_POINT('',(7.6,2.25,4.2));
#2491 = VECTOR('',#2492,1.);
#2492 = DIRECTION('',(0.,0.,1.));
#2493 = ORIENTED_EDGE('',*,*,#2464,.F.);
#2494 = PLANE('',#2495);
#2495 = AXIS2_PLACEMENT_3D('',#2496,#2497,#2498);
#2496 = CARTESIAN_POINT('',(7.6,1.5,4.2));
#2497 = DIRECTION('',(1.,0.,0.));
#2498 = DIRECTION('',(0.,0.,1.));
#2499 = ADVANCED_FACE('',(#2500),#2506,.F.);
#2500 = FACE_BOUND('',#2501,.F.);
#2501 = EDGE_LOOP('',(#2502,#2503,#2504,#2505));
#2502 = ORIENTED_EDGE('',*,*,#1317,.F.);
#2503 = ORIENTED_EDGE('',*,*,#1295,.T.);
#2504 = ORIENTED_EDGE('',*,*,#1694,.T.);
#2505 = ORIENTED_EDGE('',*,*,#1166,.F.);
#2506 = PLANE('',#2507);
#2507 = AXIS2_PLACEMENT_3D('',#2508,#2509,#2510);
#2508 = CARTESIAN_POINT('',(8.5,-1.,10.85));
#2509 = DIRECTION('',(0.,0.,1.));
#2510 = DIRECTION('',(1.,0.,0.));
#2511 = ADVANCED_FACE('',(#2512),#2530,.F.);
#2512 = FACE_BOUND('',#2513,.F.);
#2513 = EDGE_LOOP('',(#2514,#2515,#2516,#2524));
#2514 = ORIENTED_EDGE('',*,*,#1142,.F.);
#2515 = ORIENTED_EDGE('',*,*,#1913,.T.);
#2516 = ORIENTED_EDGE('',*,*,#2517,.T.);
#2517 = EDGE_CURVE('',#1914,#2518,#2520,.T.);
#2518 = VERTEX_POINT('',#2519);
#2519 = CARTESIAN_POINT('',(22.4,2.25,5.8));
#2520 = LINE('',#2521,#2522);
#2521 = CARTESIAN_POINT('',(22.4,2.25,4.2));
#2522 = VECTOR('',#2523,1.);
#2523 = DIRECTION('',(0.,0.,1.));
#2524 = ORIENTED_EDGE('',*,*,#2525,.F.);
#2525 = EDGE_CURVE('',#1135,#2518,#2526,.T.);
#2526 = LINE('',#2527,#2528);
#2527 = CARTESIAN_POINT('',(22.4,1.5,5.8));
#2528 = VECTOR('',#2529,1.);
#2529 = DIRECTION('',(0.,1.,0.));
#2530 = PLANE('',#2531);
#2531 = AXIS2_PLACEMENT_3D('',#2532,#2533,#2534);
#2532 = CARTESIAN_POINT('',(22.4,1.5,4.2));
#2533 = DIRECTION('',(1.,0.,0.));
#2534 = DIRECTION('',(0.,0.,1.));
#2535 = ADVANCED_FACE('',(#2536),#2554,.T.);
#2536 = FACE_BOUND('',#2537,.T.);
#2537 = EDGE_LOOP('',(#2538,#2539,#2540,#2548));
#2538 = ORIENTED_EDGE('',*,*,#2525,.F.);
#2539 = ORIENTED_EDGE('',*,*,#1134,.T.);
#2540 = ORIENTED_EDGE('',*,*,#2541,.T.);
#2541 = EDGE_CURVE('',#1127,#2542,#2544,.T.);
#2542 = VERTEX_POINT('',#2543);
#2543 = CARTESIAN_POINT('',(26.7,2.25,5.8));
#2544 = LINE('',#2545,#2546);
#2545 = CARTESIAN_POINT('',(26.7,1.5,5.8));
#2546 = VECTOR('',#2547,1.);
#2547 = DIRECTION('',(0.,1.,0.));
#2548 = ORIENTED_EDGE('',*,*,#2549,.F.);
#2549 = EDGE_CURVE('',#2518,#2542,#2550,.T.);
#2550 = LINE('',#2551,#2552);
#2551 = CARTESIAN_POINT('',(22.4,2.25,5.8));
#2552 = VECTOR('',#2553,1.);
#2553 = DIRECTION('',(1.,0.,0.));
#2554 = PLANE('',#2555);
#2555 = AXIS2_PLACEMENT_3D('',#2556,#2557,#2558);
#2556 = CARTESIAN_POINT('',(22.4,1.5,5.8));
#2557 = DIRECTION('',(0.,0.,1.));
#2558 = DIRECTION('',(1.,0.,0.));
#2559 = ADVANCED_FACE('',(#2560),#2571,.T.);
#2560 = FACE_BOUND('',#2561,.T.);
#2561 = EDGE_LOOP('',(#2562,#2563,#2564,#2570));
#2562 = ORIENTED_EDGE('',*,*,#1126,.F.);
#2563 = ORIENTED_EDGE('',*,*,#1929,.T.);
#2564 = ORIENTED_EDGE('',*,*,#2565,.T.);
#2565 = EDGE_CURVE('',#1922,#2542,#2566,.T.);
#2566 = LINE('',#2567,#2568);
#2567 = CARTESIAN_POINT('',(26.7,2.25,4.2));
#2568 = VECTOR('',#2569,1.);
#2569 = DIRECTION('',(0.,0.,1.));
#2570 = ORIENTED_EDGE('',*,*,#2541,.F.);
#2571 = PLANE('',#2572);
#2572 = AXIS2_PLACEMENT_3D('',#2573,#2574,#2575);
#2573 = CARTESIAN_POINT('',(26.7,1.5,4.2));
#2574 = DIRECTION('',(1.,0.,0.));
#2575 = DIRECTION('',(0.,0.,1.));
#2576 = ADVANCED_FACE('',(#2577,#2587),#2598,.T.);
#2577 = FACE_BOUND('',#2578,.T.);
#2578 = EDGE_LOOP('',(#2579,#2580,#2581,#2582,#2583,#2584,#2585,#2586));
#2579 = ORIENTED_EDGE('',*,*,#1255,.T.);
#2580 = ORIENTED_EDGE('',*,*,#1272,.T.);
#2581 = ORIENTED_EDGE('',*,*,#1744,.T.);
#2582 = ORIENTED_EDGE('',*,*,#1769,.T.);
#2583 = ORIENTED_EDGE('',*,*,#1785,.T.);
#2584 = ORIENTED_EDGE('',*,*,#1817,.F.);
#2585 = ORIENTED_EDGE('',*,*,#1834,.T.);
#2586 = ORIENTED_EDGE('',*,*,#1860,.F.);
#2587 = FACE_BOUND('',#2588,.T.);
#2588 = EDGE_LOOP('',(#2589));
#2589 = ORIENTED_EDGE('',*,*,#2590,.T.);
#2590 = EDGE_CURVE('',#2591,#2591,#2593,.T.);
#2591 = VERTEX_POINT('',#2592);
#2592 = CARTESIAN_POINT('',(18.9,24.,21.4));
#2593 = CIRCLE('',#2594,3.9);
#2594 = AXIS2_PLACEMENT_3D('',#2595,#2596,#2597);
#2595 = CARTESIAN_POINT('',(15.,24.,21.4));
#2596 = DIRECTION('',(0.,0.,-1.));
#2597 = DIRECTION('',(1.,0.,0.));
#2598 = PLANE('',#2599);
#2599 = AXIS2_PLACEMENT_3D('',#2600,#2601,#2602);
#2600 = CARTESIAN_POINT('',(15.,15.,21.4));
#2601 = DIRECTION('',(0.,0.,1.));
#2602 = DIRECTION('',(1.,0.,0.));
#2603 = ADVANCED_FACE('',(#2604),#2638,.T.);
#2604 = FACE_BOUND('',#2605,.T.);
#2605 = EDGE_LOOP('',(#2606,#2616,#2622,#2623,#2624,#2630,#2631,#2632));
#2606 = ORIENTED_EDGE('',*,*,#2607,.F.);
#2607 = EDGE_CURVE('',#2608,#2610,#2612,.T.);
#2608 = VERTEX_POINT('',#2609);
#2609 = CARTESIAN_POINT('',(3.,2.3,2.6));
#2610 = VERTEX_POINT('',#2611);
#2611 = CARTESIAN_POINT('',(27.,2.3,2.6));
#2612 = LINE('',#2613,#2614);
#2613 = CARTESIAN_POINT('',(9.,2.3,2.6));
#2614 = VECTOR('',#2615,1.);
#2615 = DIRECTION('',(1.,0.,0.));
#2616 = ORIENTED_EDGE('',*,*,#2617,.T.);
#2617 = EDGE_CURVE('',#2608,#2148,#2618,.T.);
#2618 = LINE('',#2619,#2620);
#2619 = CARTESIAN_POINT('',(3.,2.3,2.59));
#2620 = VECTOR('',#2621,1.);
#2621 = DIRECTION('',(0.,0.,1.));
#2622 = ORIENTED_EDGE('',*,*,#2147,.F.);
#2623 = ORIENTED_EDGE('',*,*,#1341,.T.);
#2624 = ORIENTED_EDGE('',*,*,#2625,.T.);
#2625 = EDGE_CURVE('',#1334,#1704,#2626,.T.);
#2626 = LINE('',#2627,#2628);
#2627 = CARTESIAN_POINT('',(5.75,2.3,4.05));
#2628 = VECTOR('',#2629,1.);
#2629 = DIRECTION('',(1.,0.,0.));
#2630 = ORIENTED_EDGE('',*,*,#1711,.F.);
#2631 = ORIENTED_EDGE('',*,*,#1903,.F.);
#2632 = ORIENTED_EDGE('',*,*,#2633,.F.);
#2633 = EDGE_CURVE('',#2610,#1904,#2634,.T.);
#2634 = LINE('',#2635,#2636);
#2635 = CARTESIAN_POINT('',(27.,2.3,2.59));
#2636 = VECTOR('',#2637,1.);
#2637 = DIRECTION('',(0.,0.,1.));
#2638 = PLANE('',#2639);
#2639 = AXIS2_PLACEMENT_3D('',#2640,#2641,#2642);
#2640 = CARTESIAN_POINT('',(3.,2.3,2.59));
#2641 = DIRECTION('',(0.,1.,0.));
#2642 = DIRECTION('',(0.,0.,1.));
#2643 = ADVANCED_FACE('',(#2644),#2650,.T.);
#2644 = FACE_BOUND('',#2645,.T.);
#2645 = EDGE_LOOP('',(#2646,#2647,#2648,#2649));
#2646 = ORIENTED_EDGE('',*,*,#1333,.F.);
#2647 = ORIENTED_EDGE('',*,*,#1382,.T.);
#2648 = ORIENTED_EDGE('',*,*,#1703,.T.);
#2649 = ORIENTED_EDGE('',*,*,#2625,.F.);
#2650 = PLANE('',#2651);
#2651 = AXIS2_PLACEMENT_3D('',#2652,#2653,#2654);
#2652 = CARTESIAN_POINT('',(8.5,-1.,4.05));
#2653 = DIRECTION('',(0.,0.,1.));
#2654 = DIRECTION('',(1.,0.,0.));
#2655 = ADVANCED_FACE('',(#2656),#2718,.T.);
#2656 = FACE_BOUND('',#2657,.T.);
#2657 = EDGE_LOOP('',(#2658,#2659,#2660,#2661,#2662,#2663,#2672,#2680,
    #2687,#2688,#2697,#2705,#2712,#2713,#2714,#2715,#2716,#2717));
#2658 = ORIENTED_EDGE('',*,*,#1412,.F.);
#2659 = ORIENTED_EDGE('',*,*,#1437,.T.);
#2660 = ORIENTED_EDGE('',*,*,#1460,.F.);
#2661 = ORIENTED_EDGE('',*,*,#1485,.T.);
#2662 = ORIENTED_EDGE('',*,*,#1526,.F.);
#2663 = ORIENTED_EDGE('',*,*,#2664,.F.);
#2664 = EDGE_CURVE('',#2665,#1519,#2667,.T.);
#2665 = VERTEX_POINT('',#2666);
#2666 = CARTESIAN_POINT('',(2.3,27.,2.6));
#2667 = CIRCLE('',#2668,0.7);
#2668 = AXIS2_PLACEMENT_3D('',#2669,#2670,#2671);
#2669 = CARTESIAN_POINT('',(3.,27.,2.6));
#2670 = DIRECTION('',(0.,0.,-1.));
#2671 = DIRECTION('',(1.,0.,0.));
#2672 = ORIENTED_EDGE('',*,*,#2673,.T.);
#2673 = EDGE_CURVE('',#2665,#2674,#2676,.T.);
#2674 = VERTEX_POINT('',#2675);
#2675 = CARTESIAN_POINT('',(2.3,3.,2.6));
#2676 = LINE('',#2677,#2678);
#2677 = CARTESIAN_POINT('',(2.3,9.,2.6));
#2678 = VECTOR('',#2679,1.);
#2679 = DIRECTION('',(0.,-1.,0.));
#2680 = ORIENTED_EDGE('',*,*,#2681,.F.);
#2681 = EDGE_CURVE('',#2608,#2674,#2682,.T.);
#2682 = CIRCLE('',#2683,0.7);
#2683 = AXIS2_PLACEMENT_3D('',#2684,#2685,#2686);
#2684 = CARTESIAN_POINT('',(3.,3.,2.6));
#2685 = DIRECTION('',(0.,0.,-1.));
#2686 = DIRECTION('',(1.,0.,0.));
#2687 = ORIENTED_EDGE('',*,*,#2607,.T.);
#2688 = ORIENTED_EDGE('',*,*,#2689,.F.);
#2689 = EDGE_CURVE('',#2690,#2610,#2692,.T.);
#2690 = VERTEX_POINT('',#2691);
#2691 = CARTESIAN_POINT('',(27.7,3.,2.6));
#2692 = CIRCLE('',#2693,0.7);
#2693 = AXIS2_PLACEMENT_3D('',#2694,#2695,#2696);
#2694 = CARTESIAN_POINT('',(27.,3.,2.6));
#2695 = DIRECTION('',(0.,0.,-1.));
#2696 = DIRECTION('',(1.,0.,0.));
#2697 = ORIENTED_EDGE('',*,*,#2698,.F.);
#2698 = EDGE_CURVE('',#2699,#2690,#2701,.T.);
#2699 = VERTEX_POINT('',#2700);
#2700 = CARTESIAN_POINT('',(27.7,27.,2.6));
#2701 = LINE('',#2702,#2703);
#2702 = CARTESIAN_POINT('',(27.7,9.,2.6));
#2703 = VECTOR('',#2704,1.);
#2704 = DIRECTION('',(0.,-1.,0.));
#2705 = ORIENTED_EDGE('',*,*,#2706,.F.);
#2706 = EDGE_CURVE('',#1581,#2699,#2707,.T.);
#2707 = CIRCLE('',#2708,0.7);
#2708 = AXIS2_PLACEMENT_3D('',#2709,#2710,#2711);
#2709 = CARTESIAN_POINT('',(27.,27.,2.6));
#2710 = DIRECTION('',(0.,0.,-1.));
#2711 = DIRECTION('',(1.,0.,0.));
#2712 = ORIENTED_EDGE('',*,*,#1580,.F.);
#2713 = ORIENTED_EDGE('',*,*,#1603,.T.);
#2714 = ORIENTED_EDGE('',*,*,#1627,.F.);
#2715 = ORIENTED_EDGE('',*,*,#1660,.F.);
#2716 = ORIENTED_EDGE('',*,*,#1677,.F.);
#2717 = ORIENTED_EDGE('',*,*,#1364,.F.);
#2718 = PLANE('',#2719);
#2719 = AXIS2_PLACEMENT_3D('',#2720,#2721,#2722);
#2720 = CARTESIAN_POINT('',(15.,15.,2.6));
#2721 = DIRECTION('',(-0.,-0.,-1.));
#2722 = DIRECTION('',(-1.,0.,0.));
#2723 = ADVANCED_FACE('',(#2724),#2735,.F.);
#2724 = FACE_BOUND('',#2725,.T.);
#2725 = EDGE_LOOP('',(#2726,#2732,#2733,#2734));
#2726 = ORIENTED_EDGE('',*,*,#2727,.F.);
#2727 = EDGE_CURVE('',#2665,#2064,#2728,.T.);
#2728 = LINE('',#2729,#2730);
#2729 = CARTESIAN_POINT('',(2.3,27.,2.59));
#2730 = VECTOR('',#2731,1.);
#2731 = DIRECTION('',(0.,0.,1.));
#2732 = ORIENTED_EDGE('',*,*,#2664,.T.);
#2733 = ORIENTED_EDGE('',*,*,#1518,.F.);
#2734 = ORIENTED_EDGE('',*,*,#2063,.F.);
#2735 = CYLINDRICAL_SURFACE('',#2736,0.7);
#2736 = AXIS2_PLACEMENT_3D('',#2737,#2738,#2739);
#2737 = CARTESIAN_POINT('',(3.,27.,2.59));
#2738 = DIRECTION('',(-0.,-0.,-1.));
#2739 = DIRECTION('',(1.,0.,0.));
#2740 = ADVANCED_FACE('',(#2741),#2752,.F.);
#2741 = FACE_BOUND('',#2742,.T.);
#2742 = EDGE_LOOP('',(#2743,#2744,#2745,#2751));
#2743 = ORIENTED_EDGE('',*,*,#1589,.T.);
#2744 = ORIENTED_EDGE('',*,*,#2706,.T.);
#2745 = ORIENTED_EDGE('',*,*,#2746,.T.);
#2746 = EDGE_CURVE('',#2699,#1987,#2747,.T.);
#2747 = LINE('',#2748,#2749);
#2748 = CARTESIAN_POINT('',(27.7,27.,2.59));
#2749 = VECTOR('',#2750,1.);
#2750 = DIRECTION('',(0.,0.,1.));
#2751 = ORIENTED_EDGE('',*,*,#1986,.F.);
#2752 = CYLINDRICAL_SURFACE('',#2753,0.7);
#2753 = AXIS2_PLACEMENT_3D('',#2754,#2755,#2756);
#2754 = CARTESIAN_POINT('',(27.,27.,2.59));
#2755 = DIRECTION('',(-0.,-0.,-1.));
#2756 = DIRECTION('',(1.,0.,0.));
#2757 = ADVANCED_FACE('',(#2758),#2769,.F.);
#2758 = FACE_BOUND('',#2759,.T.);
#2759 = EDGE_LOOP('',(#2760,#2766,#2767,#2768));
#2760 = ORIENTED_EDGE('',*,*,#2761,.F.);
#2761 = EDGE_CURVE('',#2690,#1996,#2762,.T.);
#2762 = LINE('',#2763,#2764);
#2763 = CARTESIAN_POINT('',(27.7,3.,2.59));
#2764 = VECTOR('',#2765,1.);
#2765 = DIRECTION('',(0.,0.,1.));
#2766 = ORIENTED_EDGE('',*,*,#2689,.T.);
#2767 = ORIENTED_EDGE('',*,*,#2633,.T.);
#2768 = ORIENTED_EDGE('',*,*,#2003,.F.);
#2769 = CYLINDRICAL_SURFACE('',#2770,0.7);
#2770 = AXIS2_PLACEMENT_3D('',#2771,#2772,#2773);
#2771 = CARTESIAN_POINT('',(27.,3.,2.59));
#2772 = DIRECTION('',(-0.,-0.,-1.));
#2773 = DIRECTION('',(1.,0.,0.));
#2774 = ADVANCED_FACE('',(#2775),#2781,.F.);
#2775 = FACE_BOUND('',#2776,.F.);
#2776 = EDGE_LOOP('',(#2777,#2778,#2779,#2780));
#2777 = ORIENTED_EDGE('',*,*,#2761,.F.);
#2778 = ORIENTED_EDGE('',*,*,#2698,.F.);
#2779 = ORIENTED_EDGE('',*,*,#2746,.T.);
#2780 = ORIENTED_EDGE('',*,*,#1995,.F.);
#2781 = PLANE('',#2782);
#2782 = AXIS2_PLACEMENT_3D('',#2783,#2784,#2785);
#2783 = CARTESIAN_POINT('',(27.7,3.,2.59));
#2784 = DIRECTION('',(1.,0.,0.));
#2785 = DIRECTION('',(0.,0.,1.));
#2786 = ADVANCED_FACE('',(#2787),#2793,.F.);
#2787 = FACE_BOUND('',#2788,.F.);
#2788 = EDGE_LOOP('',(#2789,#2790,#2791,#2792));
#2789 = ORIENTED_EDGE('',*,*,#2357,.F.);
#2790 = ORIENTED_EDGE('',*,*,#1969,.T.);
#2791 = ORIENTED_EDGE('',*,*,#2309,.T.);
#2792 = ORIENTED_EDGE('',*,*,#2332,.F.);
#2793 = PLANE('',#2794);
#2794 = AXIS2_PLACEMENT_3D('',#2795,#2796,#2797);
#2795 = CARTESIAN_POINT('',(27.75,18.,4.2));
#2796 = DIRECTION('',(1.,0.,0.));
#2797 = DIRECTION('',(0.,0.,1.));
#2798 = ADVANCED_FACE('',(#2799),#2805,.F.);
#2799 = FACE_BOUND('',#2800,.F.);
#2800 = EDGE_LOOP('',(#2801,#2802,#2803,#2804));
#2801 = ORIENTED_EDGE('',*,*,#2422,.F.);
#2802 = ORIENTED_EDGE('',*,*,#1946,.T.);
#2803 = ORIENTED_EDGE('',*,*,#2374,.T.);
#2804 = ORIENTED_EDGE('',*,*,#2397,.F.);
#2805 = PLANE('',#2806);
#2806 = AXIS2_PLACEMENT_3D('',#2807,#2808,#2809);
#2807 = CARTESIAN_POINT('',(27.75,8.,4.2));
#2808 = DIRECTION('',(1.,0.,0.));
#2809 = DIRECTION('',(0.,0.,1.));
#2810 = ADVANCED_FACE('',(#2811),#2817,.T.);
#2811 = FACE_BOUND('',#2812,.T.);
#2812 = EDGE_LOOP('',(#2813,#2814,#2815,#2816));
#2813 = ORIENTED_EDGE('',*,*,#2565,.F.);
#2814 = ORIENTED_EDGE('',*,*,#1921,.T.);
#2815 = ORIENTED_EDGE('',*,*,#2517,.T.);
#2816 = ORIENTED_EDGE('',*,*,#2549,.T.);
#2817 = PLANE('',#2818);
#2818 = AXIS2_PLACEMENT_3D('',#2819,#2820,#2821);
#2819 = CARTESIAN_POINT('',(22.4,2.25,4.2));
#2820 = DIRECTION('',(0.,1.,0.));
#2821 = DIRECTION('',(0.,0.,1.));
#2822 = ADVANCED_FACE('',(#2823),#2826,.F.);
#2823 = FACE_BOUND('',#2824,.T.);
#2824 = EDGE_LOOP('',(#2825));
#2825 = ORIENTED_EDGE('',*,*,#2027,.F.);
#2826 = PLANE('',#2827);
#2827 = AXIS2_PLACEMENT_3D('',#2828,#2829,#2830);
#2828 = CARTESIAN_POINT('',(24.8,27.3,11.2));
#2829 = DIRECTION('',(0.,0.,1.));
#2830 = DIRECTION('',(1.,0.,0.));
#2831 = ADVANCED_FACE('',(#2832),#2843,.F.);
#2832 = FACE_BOUND('',#2833,.T.);
#2833 = EDGE_LOOP('',(#2834,#2835,#2841,#2842));
#2834 = ORIENTED_EDGE('',*,*,#2046,.T.);
#2835 = ORIENTED_EDGE('',*,*,#2836,.T.);
#2836 = EDGE_CURVE('',#2047,#2591,#2837,.T.);
#2837 = LINE('',#2838,#2839);
#2838 = CARTESIAN_POINT('',(18.9,24.,20.59));
#2839 = VECTOR('',#2840,1.);
#2840 = DIRECTION('',(0.,0.,1.));
#2841 = ORIENTED_EDGE('',*,*,#2590,.F.);
#2842 = ORIENTED_EDGE('',*,*,#2836,.F.);
#2843 = CYLINDRICAL_SURFACE('',#2844,3.9);
#2844 = AXIS2_PLACEMENT_3D('',#2845,#2846,#2847);
#2845 = CARTESIAN_POINT('',(15.,24.,20.59));
#2846 = DIRECTION('',(-0.,-0.,-1.));
#2847 = DIRECTION('',(1.,0.,0.));
#2848 = ADVANCED_FACE('',(#2849),#2860,.T.);
#2849 = FACE_BOUND('',#2850,.T.);
#2850 = EDGE_LOOP('',(#2851,#2857,#2858,#2859));
#2851 = ORIENTED_EDGE('',*,*,#2852,.F.);
#2852 = EDGE_CURVE('',#2674,#2156,#2853,.T.);
#2853 = LINE('',#2854,#2855);
#2854 = CARTESIAN_POINT('',(2.3,3.,2.59));
#2855 = VECTOR('',#2856,1.);
#2856 = DIRECTION('',(0.,0.,1.));
#2857 = ORIENTED_EDGE('',*,*,#2673,.F.);
#2858 = ORIENTED_EDGE('',*,*,#2727,.T.);
#2859 = ORIENTED_EDGE('',*,*,#2164,.F.);
#2860 = PLANE('',#2861);
#2861 = AXIS2_PLACEMENT_3D('',#2862,#2863,#2864);
#2862 = CARTESIAN_POINT('',(2.3,3.,2.59));
#2863 = DIRECTION('',(1.,0.,0.));
#2864 = DIRECTION('',(0.,0.,1.));
#2865 = ADVANCED_FACE('',(#2866),#2872,.F.);
#2866 = FACE_BOUND('',#2867,.T.);
#2867 = EDGE_LOOP('',(#2868,#2869,#2870,#2871));
#2868 = ORIENTED_EDGE('',*,*,#2617,.F.);
#2869 = ORIENTED_EDGE('',*,*,#2681,.T.);
#2870 = ORIENTED_EDGE('',*,*,#2852,.T.);
#2871 = ORIENTED_EDGE('',*,*,#2155,.F.);
#2872 = CYLINDRICAL_SURFACE('',#2873,0.7);
#2873 = AXIS2_PLACEMENT_3D('',#2874,#2875,#2876);
#2874 = CARTESIAN_POINT('',(3.,3.,2.59));
#2875 = DIRECTION('',(-0.,-0.,-1.));
#2876 = DIRECTION('',(1.,0.,0.));
#2877 = ADVANCED_FACE('',(#2878),#2884,.T.);
#2878 = FACE_BOUND('',#2879,.T.);
#2879 = EDGE_LOOP('',(#2880,#2881,#2882,#2883));
#2880 = ORIENTED_EDGE('',*,*,#2488,.F.);
#2881 = ORIENTED_EDGE('',*,*,#2131,.T.);
#2882 = ORIENTED_EDGE('',*,*,#2440,.T.);
#2883 = ORIENTED_EDGE('',*,*,#2472,.T.);
#2884 = PLANE('',#2885);
#2885 = AXIS2_PLACEMENT_3D('',#2886,#2887,#2888);
#2886 = CARTESIAN_POINT('',(3.3,2.25,4.2));
#2887 = DIRECTION('',(0.,1.,0.));
#2888 = DIRECTION('',(0.,0.,1.));
#2889 = ADVANCED_FACE('',(#2890),#2896,.T.);
#2890 = FACE_BOUND('',#2891,.T.);
#2891 = EDGE_LOOP('',(#2892,#2893,#2894,#2895));
#2892 = ORIENTED_EDGE('',*,*,#2294,.F.);
#2893 = ORIENTED_EDGE('',*,*,#2106,.T.);
#2894 = ORIENTED_EDGE('',*,*,#2253,.T.);
#2895 = ORIENTED_EDGE('',*,*,#2276,.F.);
#2896 = PLANE('',#2897);
#2897 = AXIS2_PLACEMENT_3D('',#2898,#2899,#2900);
#2898 = CARTESIAN_POINT('',(2.25,8.,4.2));
#2899 = DIRECTION('',(1.,0.,0.));
#2900 = DIRECTION('',(0.,0.,1.));
#2901 = ADVANCED_FACE('',(#2902),#2908,.T.);
#2902 = FACE_BOUND('',#2903,.T.);
#2903 = EDGE_LOOP('',(#2904,#2905,#2906,#2907));
#2904 = ORIENTED_EDGE('',*,*,#2229,.F.);
#2905 = ORIENTED_EDGE('',*,*,#2083,.T.);
#2906 = ORIENTED_EDGE('',*,*,#2188,.T.);
#2907 = ORIENTED_EDGE('',*,*,#2211,.F.);
#2908 = PLANE('',#2909);
#2909 = AXIS2_PLACEMENT_3D('',#2910,#2911,#2912);
#2910 = CARTESIAN_POINT('',(2.25,18.,4.2));
#2911 = DIRECTION('',(1.,0.,0.));
#2912 = DIRECTION('',(0.,0.,1.));
#2913 = ( GEOMETRIC_REPRESENTATION_CONTEXT(3) 
GLOBAL_UNCERTAINTY_ASSIGNED_CONTEXT((#2917)) 
GLOBAL_UNIT_ASSIGNED_CONTEXT((#2914,#2915,#2916)) REPRESENTATION_CONTEXT
('Context #1','3D Context with UNIT and UNCERTAINTY') );
#2914 = ( LENGTH_UNIT() NAMED_UNIT(*) SI_UNIT(.MILLI.,.METRE.) );
#2915 = ( NAMED_UNIT(*) PLANE_ANGLE_UNIT() SI_UNIT($,.RADIAN.) );
#2916 = ( NAMED_UNIT(*) SI_UNIT($,.STERADIAN.) SOLID_ANGLE_UNIT() );
#2917 = UNCERTAINTY_MEASURE_WITH_UNIT(LENGTH_MEASURE(1.E-05),#2914,
  'distance_accuracy_value','confusion accuracy');
#2918 = PRODUCT_RELATED_PRODUCT_CATEGORY('part',$,(#7));
ENDSEC;
END-ISO-10303-21;
